outcome,tract,metric,node,t,p,hemisphere,N,covariates,extent_threshold,cluster_p,passed
memory_accuracy,l_example_tract,NDI,0,2.259,0.03004,L,40,"ICV, Mean_length_mm, Streamline_count, absolute_motion, age",18,0.012,1
memory_accuracy,l_example_tract,NDI,1,2.0289,0.04991,L,40,"ICV, Mean_length_mm, Streamline_count, absolute_motion, age",18,0.012,1
memory_accuracy,l_example_tract,NDI,2,2.0549,0.0472,L,40,"ICV, Mean_length_mm, Streamline_count, absolute_motion, age",18,0.012,1
memory_accuracy,l_example_tract,NDI,3,2.3018,0.02724,L,40,"ICV, Mean_length_mm, Streamline_count, absolute_motion, age",18,0.012,1
memory_accuracy,l_example_tract,NDI,4,2.2061,0.03384,L,40,"ICV, Mean_length_mm, Streamline_count, absolute_motion, age",18,0.012,1
memory_accuracy,l_example_tract,NDI,5,2.3054,0.02702,L,40,"ICV, Mean_length_mm, Streamline_count, absolute_motion, age",18,0.012,1
memory_accuracy,l_example_tract,NDI,6,2.1376,0.03941,L,40,"ICV, Mean_length_mm, Streamline_count, absolute_motion, age",18,0.012,1
memory_accuracy,l_example_tract,NDI,7,2.3208,0.02607,L,40,"ICV, Mean_length_mm, Streamline_count, absolute_motion, age",18,0.012,1
memory_accuracy,l_example_tract,NDI,8,2.0426,0.04847,L,40,"ICV, Mean_length_mm, Streamline_count, absolute_motion, age",18,0.012,1
memory_accuracy,l_example_tract,NDI,9,1.9776,0.05566,L,40,"ICV, Mean_length_mm, Streamline_count, absolute_motion, age",18,0.012,1
memory_accuracy,l_example_tract,NDI,10,1.9339,0.06102,L,40,"ICV, Mean_length_mm, Streamline_count, absolute_motion, age",18,0.012,1
memory_accuracy,l_example_tract,NDI,11,2.0807,0.04464,L,40,"ICV, Mean_length_mm, Streamline_count, absolute_motion, age",18,0.012,1
memory_accuracy,l_example_tract,NDI,12,2.476,0.01812,L,40,"ICV, Mean_length_mm, Streamline_count, absolute_motion, age",18,0.012,1
memory_accuracy,l_example_tract,NDI,13,2.0481,0.0479,L,40,"ICV, Mean_length_mm, Streamline_count, absolute_motion, age",18,0.012,1
memory_accuracy,l_example_tract,NDI,14,2.2281,0.03221,L,40,"ICV, Mean_length_mm, Streamline_count, absolute_motion, age",18,0.012,1
memory_accuracy,l_example_tract,NDI,15,2.6344,0.01235,L,40,"ICV, Mean_length_mm, Streamline_count, absolute_motion, age",18,0.012,1
memory_accuracy,l_example_tract,NDI,16,2.5563,0.01494,L,40,"ICV, Mean_length_mm, Streamline_count, absolute_motion, age",18,0.012,1
memory_accuracy,l_example_tract,NDI,17,2.7185,0.01002,L,40,"ICV, Mean_length_mm, Streamline_count, absolute_motion, age",18,0.012,1
memory_accuracy,l_example_tract,NDI,18,2.3866,0.02238,L,40,"ICV, Mean_length_mm, Streamline_count, absolute_motion, age",18,0.012,1
memory_accuracy,l_example_tract,NDI,19,2.1366,0.0395,L,40,"ICV, Mean_length_mm, Streamline_count, absolute_motion, age",18,0.012,1
memory_accuracy,l_example_tract,NDI,20,2.7457,0.00936,L,40,"ICV, Mean_length_mm, Streamline_count, absolute_motion, age",18,0.012,1
memory_accuracy,l_example_tract,NDI,21,2.1879,0.03525,L,40,"ICV, Mean_length_mm, Streamline_count, absolute_motion, age",18,0.012,1
memory_accuracy,l_example_tract,NDI,22,2.4378,0.01984,L,40,"ICV, Mean_length_mm, Streamline_count, absolute_motion, age",18,0.012,1
memory_accuracy,l_example_tract,NDI,23,2.4204,0.02068,L,40,"ICV, Mean_length_mm, Streamline_count, absolute_motion, age",18,0.012,1
memory_accuracy,l_example_tract,NDI,24,2.3697,0.02328,L,40,"ICV, Mean_length_mm, Streamline_count, absolute_motion, age",18,0.012,1
memory_accuracy,l_example_tract,NDI,25,2.7556,0.00913,L,40,"ICV, Mean_length_mm, Streamline_count, absolute_motion, age",18,0.012,1
memory_accuracy,l_example_tract,NDI,26,2.7934,0.0083,L,40,"ICV, Mean_length_mm, Streamline_count, absolute_motion, age",18,0.012,1
memory_accuracy,l_example_tract,NDI,27,2.5334,0.01579,L,40,"ICV, Mean_length_mm, Streamline_count, absolute_motion, age",18,0.012,1
memory_accuracy,l_example_tract,NDI,28,2.4877,0.01762,L,40,"ICV, Mean_length_mm, Streamline_count, absolute_motion, age",18,0.012,1
memory_accuracy,l_example_tract,NDI,29,2.499,0.01715,L,40,"ICV, Mean_length_mm, Streamline_count, absolute_motion, age",18,0.012,1
memory_accuracy,l_example_tract,NDI,30,2.401,0.02164,L,40,"ICV, Mean_length_mm, Streamline_count, absolute_motion, age",18,0.012,1
memory_accuracy,l_example_tract,NDI,31,2.6186,0.01284,L,40,"ICV, Mean_length_mm, Streamline_count, absolute_motion, age",18,0.012,1
memory_accuracy,l_example_tract,NDI,32,2.6294,0.0125,L,40,"ICV, Mean_length_mm, Streamline_count, absolute_motion, age",18,0.012,1
memory_accuracy,l_example_tract,NDI,33,2.6884,0.01081,L,40,"ICV, Mean_length_mm, Streamline_count, absolute_motion, age",18,0.012,1
memory_accuracy,l_example_tract,NDI,34,3.0941,0.00381,L,40,"ICV, Mean_length_mm, Streamline_count, absolute_motion, age",18,0.012,1
memory_accuracy,l_example_tract,NDI,35,2.7991,0.00818,L,40,"ICV, Mean_length_mm, Streamline_count, absolute_motion, age",18,0.012,1
memory_accuracy,l_example_tract,NDI,36,2.9845,0.00508,L,40,"ICV, Mean_length_mm, Streamline_count, absolute_motion, age",18,0.012,1
memory_accuracy,l_example_tract,NDI,37,2.7178,0.01004,L,40,"ICV, Mean_length_mm, Streamline_count, absolute_motion, age",18,0.012,1
memory_accuracy,l_example_tract,NDI,38,3.2344,0.00261,L,40,"ICV, Mean_length_mm, Streamline_count, absolute_motion, age",18,0.012,1
memory_accuracy,l_example_tract,NDI,39,3.1728,0.00309,L,40,"ICV, Mean_length_mm, Streamline_count, absolute_motion, age",18,0.012,1
memory_accuracy,l_example_tract,NDI,40,3.125,0.0035,L,40,"ICV, Mean_length_mm, Streamline_count, absolute_motion, age",18,0.012,1
memory_accuracy,l_example_tract,NDI,41,3.4182,0.00158,L,40,"ICV, Mean_length_mm, Streamline_count, absolute_motion, age",18,0.012,1
memory_accuracy,l_example_tract,NDI,42,3.0211,0.00461,L,40,"ICV, Mean_length_mm, Streamline_count, absolute_motion, age",18,0.012,1
memory_accuracy,l_example_tract,NDI,43,2.8565,0.00707,L,40,"ICV, Mean_length_mm, Streamline_count, absolute_motion, age",18,0.012,1
memory_accuracy,l_example_tract,NDI,44,3.23,0.00264,L,40,"ICV, Mean_length_mm, Streamline_count, absolute_motion, age",18,0.012,1
memory_accuracy,l_example_tract,NDI,45,2.469,0.01843,L,40,"ICV, Mean_length_mm, Streamline_count, absolute_motion, age",18,0.012,1
memory_accuracy,l_example_tract,NDI,46,2.5841,0.01397,L,40,"ICV, Mean_length_mm, Streamline_count, absolute_motion, age",18,0.012,1
memory_accuracy,l_example_tract,NDI,47,2.4807,0.01792,L,40,"ICV, Mean_length_mm, Streamline_count, absolute_motion, age",18,0.012,1
memory_accuracy,l_example_tract,NDI,48,2.1964,0.03459,L,40,"ICV, Mean_length_mm, Streamline_count, absolute_motion, age",18,0.012,1
memory_accuracy,l_example_tract,NDI,49,2.4342,0.02001,L,40,"ICV, Mean_length_mm, Streamline_count, absolute_motion, age",18,0.012,1
memory_accuracy,l_example_tract,NDI,50,2.373,0.0231,L,40,"ICV, Mean_length_mm, Streamline_count, absolute_motion, age",18,0.012,1
memory_accuracy,l_example_tract,NDI,51,2.3741,0.02305,L,40,"ICV, Mean_length_mm, Streamline_count, absolute_motion, age",18,0.012,1
memory_accuracy,l_example_tract,NDI,52,2.2164,0.03307,L,40,"ICV, Mean_length_mm, Streamline_count, absolute_motion, age",18,0.012,1
memory_accuracy,l_example_tract,NDI,53,2.4303,0.0202,L,40,"ICV, Mean_length_mm, Streamline_count, absolute_motion, age",18,0.012,1
memory_accuracy,l_example_tract,NDI,54,2.0434,0.04839,L,40,"ICV, Mean_length_mm, Streamline_count, absolute_motion, age",18,0.012,1
memory_accuracy,l_example_tract,NDI,55,1.8392,0.07414,L,40,"ICV, Mean_length_mm, Streamline_count, absolute_motion, age",18,0.012,1
memory_accuracy,l_example_tract,NDI,56,2.3333,0.02533,L,40,"ICV, Mean_length_mm, Streamline_count, absolute_motion, age",18,0.012,1
memory_accuracy,l_example_tract,NDI,57,2.2307,0.03202,L,40,"ICV, Mean_length_mm, Streamline_count, absolute_motion, age",18,0.012,1
memory_accuracy,l_example_tract,NDI,58,2.3193,0.02617,L,40,"ICV, Mean_length_mm, Streamline_count, absolute_motion, age",18,0.012,1
memory_accuracy,l_example_tract,NDI,59,2.737,0.00957,L,40,"ICV, Mean_length_mm, Streamline_count, absolute_motion, age",18,0.012,1
memory_accuracy,l_example_tract,NDI,60,2.69,0.01076,L,40,"ICV, Mean_length_mm, Streamline_count, absolute_motion, age",18,0.012,1
memory_accuracy,l_example_tract,NDI,61,2.5315,0.01587,L,40,"ICV, Mean_length_mm, Streamline_count, absolute_motion, age",18,0.012,1
memory_accuracy,l_example_tract,NDI,62,2.5894,0.01379,L,40,"ICV, Mean_length_mm, Streamline_count, absolute_motion, age",18,0.012,1
memory_accuracy,l_example_tract,NDI,63,2.3712,0.0232,L,40,"ICV, Mean_length_mm, Streamline_count, absolute_motion, age",18,0.012,1
memory_accuracy,l_example_tract,NDI,64,2.6448,0.01204,L,40,"ICV, Mean_length_mm, Streamline_count, absolute_motion, age",18,0.012,1
memory_accuracy,l_example_tract,NDI,65,2.7668,0.00888,L,40,"ICV, Mean_length_mm, Streamline_count, absolute_motion, age",18,0.012,1
memory_accuracy,l_example_tract,NDI,66,2.7635,0.00895,L,40,"ICV, Mean_length_mm, Streamline_count, absolute_motion, age",18,0.012,1
memory_accuracy,l_example_tract,NDI,67,2.6546,0.01175,L,40,"ICV, Mean_length_mm, Streamline_count, absolute_motion, age",18,0.012,1
memory_accuracy,l_example_tract,NDI,68,2.0189,0.05099,L,40,"ICV, Mean_length_mm, Streamline_count, absolute_motion, age",18,0.012,1
memory_accuracy,l_example_tract,NDI,69,2.7099,0.01024,L,40,"ICV, Mean_length_mm, Streamline_count, absolute_motion, age",18,0.012,1
memory_accuracy,l_example_tract,NDI,70,2.5079,0.01679,L,40,"ICV, Mean_length_mm, Streamline_count, absolute_motion, age",18,0.012,1
memory_accuracy,l_example_tract,NDI,71,2.3667,0.02345,L,40,"ICV, Mean_length_mm, Streamline_count, absolute_motion, age",18,0.012,1
memory_accuracy,l_example_tract,NDI,72,2.5286,0.01598,L,40,"ICV, Mean_length_mm, Streamline_count, absolute_motion, age",18,0.012,1
memory_accuracy,l_example_tract,NDI,73,2.4326,0.02009,L,40,"ICV, Mean_length_mm, Streamline_count, absolute_motion, age",18,0.012,1
memory_accuracy,l_example_tract,NDI,74,2.3816,0.02264,L,40,"ICV, Mean_length_mm, Streamline_count, absolute_motion, age",18,0.012,1
memory_accuracy,l_example_tract,NDI,75,2.1615,0.03738,L,40,"ICV, Mean_length_mm, Streamline_count, absolute_motion, age",18,0.012,1
memory_accuracy,l_example_tract,NDI,76,1.9661,0.05704,L,40,"ICV, Mean_length_mm, Streamline_count, absolute_motion, age",18,0.012,1
memory_accuracy,l_example_tract,NDI,77,2.172,0.03652,L,40,"ICV, Mean_length_mm, Streamline_count, absolute_motion, age",18,0.012,1
memory_accuracy,l_example_tract,NDI,78,2.0452,0.04819,L,40,"ICV, Mean_length_mm, Streamline_count, absolute_motion, age",18,0.012,1
memory_accuracy,l_example_tract,NDI,79,2.0258,0.05024,L,40,"ICV, Mean_length_mm, Streamline_count, absolute_motion, age",18,0.012,1
memory_accuracy,l_example_tract,NDI,80,2.1105,0.04183,L,40,"ICV, Mean_length_mm, Streamline_count, absolute_motion, age",18,0.012,1
memory_accuracy,l_example_tract,NDI,81,2.1834,0.03561,L,40,"ICV, Mean_length_mm, Streamline_count, absolute_motion, age",18,0.012,1
memory_accuracy,l_example_tract,NDI,82,2.1665,0.03697,L,40,"ICV, Mean_length_mm, Streamline_count, absolute_motion, age",18,0.012,1
memory_accuracy,l_example_tract,NDI,83,2.1267,0.04037,L,40,"ICV, Mean_length_mm, Streamline_count, absolute_motion, age",18,0.012,1
memory_accuracy,l_example_tract,NDI,84,2.12,0.04096,L,40,"ICV, Mean_length_mm, Streamline_count, absolute_motion, age",18,0.012,1
memory_accuracy,l_example_tract,NDI,85,2.0662,0.04606,L,40,"ICV, Mean_length_mm, Streamline_count, absolute_motion, age",18,0.012,1
memory_accuracy,l_example_tract,NDI,86,1.8047,0.07949,L,40,"ICV, Mean_length_mm, Streamline_count, absolute_motion, age",18,0.012,1
memory_accuracy,l_example_tract,NDI,87,2.1468,0.03862,L,40,"ICV, Mean_length_mm, Streamline_count, absolute_motion, age",18,0.012,1
memory_accuracy,l_example_tract,NDI,88,2.1917,0.03495,L,40,"ICV, Mean_length_mm, Streamline_count, absolute_motion, age",18,0.012,1
memory_accuracy,l_example_tract,NDI,89,2.2464,0.03091,L,40,"ICV, Mean_length_mm, Streamline_count, absolute_motion, age",18,0.012,1
memory_accuracy,l_example_tract,NDI,90,2.1518,0.03819,L,40,"ICV, Mean_length_mm, Streamline_count, absolute_motion, age",18,0.012,1
memory_accuracy,l_example_tract,NDI,91,2.1536,0.03805,L,40,"ICV, Mean_length_mm, Streamline_count, absolute_motion, age",18,0.012,1
memory_accuracy,l_example_tract,NDI,92,2.2648,0.02965,L,40,"ICV, Mean_length_mm, Streamline_count, absolute_motion, age",18,0.012,1
memory_accuracy,l_example_tract,NDI,93,1.9746,0.05602,L,40,"ICV, Mean_length_mm, Streamline_count, absolute_motion, age",18,0.012,1
memory_accuracy,l_example_tract,NDI,94,2.2535,0.03042,L,40,"ICV, Mean_length_mm, Streamline_count, absolute_motion, age",18,0.012,1
memory_accuracy,l_example_tract,NDI,95,2.2548,0.03032,L,40,"ICV, Mean_length_mm, Streamline_count, absolute_motion, age",18,0.012,1
memory_accuracy,l_example_tract,NDI,96,2.1155,0.04138,L,40,"ICV, Mean_length_mm, Streamline_count, absolute_motion, age",18,0.012,1
memory_accuracy,l_example_tract,NDI,97,2.1171,0.04123,L,40,"ICV, Mean_length_mm, Streamline_count, absolute_motion, age",18,0.012,1
memory_accuracy,l_example_tract,NDI,98,1.8797,0.06826,L,40,"ICV, Mean_length_mm, Streamline_count, absolute_motion, age",18,0.012,1
memory_accuracy,l_example_tract,NDI,99,1.9523,0.05871,L,40,"ICV, Mean_length_mm, Streamline_count, absolute_motion, age",18,0.012,1
memory_accuracy,r_example_tract,NDI,0,2.3202,0.02611,R,40,"ICV, Mean_length_mm, Streamline_count, absolute_motion, age",18,0.018,1
memory_accuracy,r_example_tract,NDI,1,2.4339,0.02003,R,40,"ICV, Mean_length_mm, Streamline_count, absolute_motion, age",18,0.018,1
memory_accuracy,r_example_tract,NDI,2,2.5094,0.01673,R,40,"ICV, Mean_length_mm, Streamline_count, absolute_motion, age",18,0.018,1
memory_accuracy,r_example_tract,NDI,3,2.5861,0.0139,R,40,"ICV, Mean_length_mm, Streamline_count, absolute_motion, age",18,0.018,1
memory_accuracy,r_example_tract,NDI,4,2.7629,0.00897,R,40,"ICV, Mean_length_mm, Streamline_count, absolute_motion, age",18,0.018,1
memory_accuracy,r_example_tract,NDI,5,2.9993,0.00489,R,40,"ICV, Mean_length_mm, Streamline_count, absolute_motion, age",18,0.018,1
memory_accuracy,r_example_tract,NDI,6,2.8136,0.00789,R,40,"ICV, Mean_length_mm, Streamline_count, absolute_motion, age",18,0.018,1
memory_accuracy,r_example_tract,NDI,7,2.3559,0.02404,R,40,"ICV, Mean_length_mm, Streamline_count, absolute_motion, age",18,0.018,1
memory_accuracy,r_example_tract,NDI,8,2.7248,0.00987,R,40,"ICV, Mean_length_mm, Streamline_count, absolute_motion, age",18,0.018,1
memory_accuracy,r_example_tract,NDI,9,2.3471,0.02454,R,40,"ICV, Mean_length_mm, Streamline_count, absolute_motion, age",18,0.018,1
memory_accuracy,r_example_tract,NDI,10,2.7893,0.00839,R,40,"ICV, Mean_length_mm, Streamline_count, absolute_motion, age",18,0.018,1
memory_accuracy,r_example_tract,NDI,11,2.7397,0.00951,R,40,"ICV, Mean_length_mm, Streamline_count, absolute_motion, age",18,0.018,1
memory_accuracy,r_example_tract,NDI,12,2.5635,0.01469,R,40,"ICV, Mean_length_mm, Streamline_count, absolute_motion, age",18,0.018,1
memory_accuracy,r_example_tract,NDI,13,2.59,0.01377,R,40,"ICV, Mean_length_mm, Streamline_count, absolute_motion, age",18,0.018,1
memory_accuracy,r_example_tract,NDI,14,2.6795,0.01105,R,40,"ICV, Mean_length_mm, Streamline_count, absolute_motion, age",18,0.018,1
memory_accuracy,r_example_tract,NDI,15,2.1025,0.04256,R,40,"ICV, Mean_length_mm, Streamline_count, absolute_motion, age",18,0.018,1
memory_accuracy,r_example_tract,NDI,16,2.2489,0.03073,R,40,"ICV, Mean_length_mm, Streamline_count, absolute_motion, age",18,0.018,1
memory_accuracy,r_example_tract,NDI,17,2.2223,0.03263,R,40,"ICV, Mean_length_mm, Streamline_count, absolute_motion, age",18,0.018,1
memory_accuracy,r_example_tract,NDI,18,2.1228,0.04072,R,40,"ICV, Mean_length_mm, Streamline_count, absolute_motion, age",18,0.018,1
memory_accuracy,r_example_tract,NDI,19,2.5778,0.01418,R,40,"ICV, Mean_length_mm, Streamline_count, absolute_motion, age",18,0.018,1
memory_accuracy,r_example_tract,NDI,20,2.2065,0.03382,R,40,"ICV, Mean_length_mm, Streamline_count, absolute_motion, age",18,0.018,1
memory_accuracy,r_example_tract,NDI,21,2.3175,0.02627,R,40,"ICV, Mean_length_mm, Streamline_count, absolute_motion, age",18,0.018,1
memory_accuracy,r_example_tract,NDI,22,2.5942,0.01363,R,40,"ICV, Mean_length_mm, Streamline_count, absolute_motion, age",18,0.018,1
memory_accuracy,r_example_tract,NDI,23,2.646,0.012,R,40,"ICV, Mean_length_mm, Streamline_count, absolute_motion, age",18,0.018,1
memory_accuracy,r_example_tract,NDI,24,2.396,0.0219,R,40,"ICV, Mean_length_mm, Streamline_count, absolute_motion, age",18,0.018,1
memory_accuracy,r_example_tract,NDI,25,2.2579,0.03011,R,40,"ICV, Mean_length_mm, Streamline_count, absolute_motion, age",18,0.018,1
memory_accuracy,r_example_tract,NDI,26,2.3383,0.02505,R,40,"ICV, Mean_length_mm, Streamline_count, absolute_motion, age",18,0.018,1
memory_accuracy,r_example_tract,NDI,27,2.1079,0.04207,R,40,"ICV, Mean_length_mm, Streamline_count, absolute_motion, age",18,0.018,1
memory_accuracy,r_example_tract,NDI,28,2.2179,0.03296,R,40,"ICV, Mean_length_mm, Streamline_count, absolute_motion, age",18,0.018,1
memory_accuracy,r_example_tract,NDI,29,2.169,0.03676,R,40,"ICV, Mean_length_mm, Streamline_count, absolute_motion, age",18,0.018,1
memory_accuracy,r_example_tract,NDI,30,2.1867,0.03534,R,40,"ICV, Mean_length_mm, Streamline_count, absolute_motion, age",18,0.018,1
memory_accuracy,r_example_tract,NDI,31,2.1231,0.04069,R,40,"ICV, Mean_length_mm, Streamline_count, absolute_motion, age",18,0.018,1
memory_accuracy,r_example_tract,NDI,32,2.3173,0.02629,R,40,"ICV, Mean_length_mm, Streamline_count, absolute_motion, age",18,0.018,1
memory_accuracy,r_example_tract,NDI,33,2.1407,0.03914,R,40,"ICV, Mean_length_mm, Streamline_count, absolute_motion, age",18,0.018,1
memory_accuracy,r_example_tract,NDI,34,2.1308,0.04001,R,40,"ICV, Mean_length_mm, Streamline_count, absolute_motion, age",18,0.018,1
memory_accuracy,r_example_tract,NDI,35,2.1776,0.03607,R,40,"ICV, Mean_length_mm, Streamline_count, absolute_motion, age",18,0.018,1
memory_accuracy,r_example_tract,NDI,36,2.4257,0.02042,R,40,"ICV, Mean_length_mm, Streamline_count, absolute_motion, age",18,0.018,1
memory_accuracy,r_example_tract,NDI,37,2.4894,0.01755,R,40,"ICV, Mean_length_mm, Streamline_count, absolute_motion, age",18,0.018,1
memory_accuracy,r_example_tract,NDI,38,2.5201,0.01631,R,40,"ICV, Mean_length_mm, Streamline_count, absolute_motion, age",18,0.018,1
memory_accuracy,r_example_tract,NDI,39,2.5667,0.01457,R,40,"ICV, Mean_length_mm, Streamline_count, absolute_motion, age",18,0.018,1
memory_accuracy,r_example_tract,NDI,40,2.2365,0.0316,R,40,"ICV, Mean_length_mm, Streamline_count, absolute_motion, age",18,0.018,1
memory_accuracy,r_example_tract,NDI,41,2.2198,0.03282,R,40,"ICV, Mean_length_mm, Streamline_count, absolute_motion, age",18,0.018,1
memory_accuracy,r_example_tract,NDI,42,2.5709,0.01442,R,40,"ICV, Mean_length_mm, Streamline_count, absolute_motion, age",18,0.018,1
memory_accuracy,r_example_tract,NDI,43,2.6424,0.01211,R,40,"ICV, Mean_length_mm, Streamline_count, absolute_motion, age",18,0.018,1
memory_accuracy,r_example_tract,NDI,44,2.7549,0.00915,R,40,"ICV, Mean_length_mm, Streamline_count, absolute_motion, age",18,0.018,1
memory_accuracy,r_example_tract,NDI,45,2.5885,0.01382,R,40,"ICV, Mean_length_mm, Streamline_count, absolute_motion, age",18,0.018,1
memory_accuracy,r_example_tract,NDI,46,2.5761,0.01424,R,40,"ICV, Mean_length_mm, Streamline_count, absolute_motion, age",18,0.018,1
memory_accuracy,r_example_tract,NDI,47,2.6376,0.01225,R,40,"ICV, Mean_length_mm, Streamline_count, absolute_motion, age",18,0.018,1
memory_accuracy,r_example_tract,NDI,48,2.7499,0.00927,R,40,"ICV, Mean_length_mm, Streamline_count, absolute_motion, age",18,0.018,1
memory_accuracy,r_example_tract,NDI,49,2.9191,0.00602,R,40,"ICV, Mean_length_mm, Streamline_count, absolute_motion, age",18,0.018,1
memory_accuracy,r_example_tract,NDI,50,2.4312,0.02015,R,40,"ICV, Mean_length_mm, Streamline_count, absolute_motion, age",18,0.018,1
memory_accuracy,r_example_tract,NDI,51,2.5252,0.01611,R,40,"ICV, Mean_length_mm, Streamline_count, absolute_motion, age",18,0.018,1
memory_accuracy,r_example_tract,NDI,52,2.9633,0.00537,R,40,"ICV, Mean_length_mm, Streamline_count, absolute_motion, age",18,0.018,1
memory_accuracy,r_example_tract,NDI,53,2.8549,0.0071,R,40,"ICV, Mean_length_mm, Streamline_count, absolute_motion, age",18,0.018,1
memory_accuracy,r_example_tract,NDI,54,2.8345,0.00748,R,40,"ICV, Mean_length_mm, Streamline_count, absolute_motion, age",18,0.018,1
memory_accuracy,r_example_tract,NDI,55,2.54,0.01554,R,40,"ICV, Mean_length_mm, Streamline_count, absolute_motion, age",18,0.018,1
memory_accuracy,r_example_tract,NDI,56,2.5346,0.01575,R,40,"ICV, Mean_length_mm, Streamline_count, absolute_motion, age",18,0.018,1
memory_accuracy,r_example_tract,NDI,57,2.5823,0.01403,R,40,"ICV, Mean_length_mm, Streamline_count, absolute_motion, age",18,0.018,1
memory_accuracy,r_example_tract,NDI,58,2.5343,0.01576,R,40,"ICV, Mean_length_mm, Streamline_count, absolute_motion, age",18,0.018,1
memory_accuracy,r_example_tract,NDI,59,2.3071,0.02691,R,40,"ICV, Mean_length_mm, Streamline_count, absolute_motion, age",18,0.018,1
memory_accuracy,r_example_tract,NDI,60,2.3276,0.02567,R,40,"ICV, Mean_length_mm, Streamline_count, absolute_motion, age",18,0.018,1
memory_accuracy,r_example_tract,NDI,61,2.6597,0.0116,R,40,"ICV, Mean_length_mm, Streamline_count, absolute_motion, age",18,0.018,1
memory_accuracy,r_example_tract,NDI,62,2.7741,0.00872,R,40,"ICV, Mean_length_mm, Streamline_count, absolute_motion, age",18,0.018,1
memory_accuracy,r_example_tract,NDI,63,2.9114,0.00614,R,40,"ICV, Mean_length_mm, Streamline_count, absolute_motion, age",18,0.018,1
memory_accuracy,r_example_tract,NDI,64,2.7522,0.00921,R,40,"ICV, Mean_length_mm, Streamline_count, absolute_motion, age",18,0.018,1
memory_accuracy,r_example_tract,NDI,65,2.6897,0.01077,R,40,"ICV, Mean_length_mm, Streamline_count, absolute_motion, age",18,0.018,1
memory_accuracy,r_example_tract,NDI,66,2.9757,0.0052,R,40,"ICV, Mean_length_mm, Streamline_count, absolute_motion, age",18,0.018,1
memory_accuracy,r_example_tract,NDI,67,2.66,0.01159,R,40,"ICV, Mean_length_mm, Streamline_count, absolute_motion, age",18,0.018,1
memory_accuracy,r_example_tract,NDI,68,2.6665,0.01141,R,40,"ICV, Mean_length_mm, Streamline_count, absolute_motion, age",18,0.018,1
memory_accuracy,r_example_tract,NDI,69,2.7655,0.00891,R,40,"ICV, Mean_length_mm, Streamline_count, absolute_motion, age",18,0.018,1
memory_accuracy,r_example_tract,NDI,70,2.8249,0.00766,R,40,"ICV, Mean_length_mm, Streamline_count, absolute_motion, age",18,0.018,1
memory_accuracy,r_example_tract,NDI,71,3.0239,0.00458,R,40,"ICV, Mean_length_mm, Streamline_count, absolute_motion, age",18,0.018,1
memory_accuracy,r_example_tract,NDI,72,2.4631,0.01869,R,40,"ICV, Mean_length_mm, Streamline_count, absolute_motion, age",18,0.018,1
memory_accuracy,r_example_tract,NDI,73,2.6018,0.01338,R,40,"ICV, Mean_length_mm, Streamline_count, absolute_motion, age",18,0.018,1
memory_accuracy,r_example_tract,NDI,74,2.2968,0.02755,R,40,"ICV, Mean_length_mm, Streamline_count, absolute_motion, age",18,0.018,1
memory_accuracy,r_example_tract,NDI,75,2.4645,0.01863,R,40,"ICV, Mean_length_mm, Streamline_count, absolute_motion, age",18,0.018,1
memory_accuracy,r_example_tract,NDI,76,2.49,0.01753,R,40,"ICV, Mean_length_mm, Streamline_count, absolute_motion, age",18,0.018,1
memory_accuracy,r_example_tract,NDI,77,2.3949,0.02195,R,40,"ICV, Mean_length_mm, Streamline_count, absolute_motion, age",18,0.018,1
memory_accuracy,r_example_tract,NDI,78,2.3415,0.02486,R,40,"ICV, Mean_length_mm, Streamline_count, absolute_motion, age",18,0.018,1
memory_accuracy,r_example_tract,NDI,79,2.0722,0.04547,R,40,"ICV, Mean_length_mm, Streamline_count, absolute_motion, age",18,0.018,1
memory_accuracy,r_example_tract,NDI,80,2.2429,0.03115,R,40,"ICV, Mean_length_mm, Streamline_count, absolute_motion, age",18,0.018,1
memory_accuracy,r_example_tract,NDI,81,2.1722,0.0365,R,40,"ICV, Mean_length_mm, Streamline_count, absolute_motion, age",18,0.018,1
memory_accuracy,r_example_tract,NDI,82,2.0536,0.04734,R,40,"ICV, Mean_length_mm, Streamline_count, absolute_motion, age",18,0.018,1
memory_accuracy,r_example_tract,NDI,83,2.2267,0.03231,R,40,"ICV, Mean_length_mm, Streamline_count, absolute_motion, age",18,0.018,1
memory_accuracy,r_example_tract,NDI,84,1.9956,0.05358,R,40,"ICV, Mean_length_mm, Streamline_count, absolute_motion, age",18,0.018,1
memory_accuracy,r_example_tract,NDI,85,2.167,0.03693,R,40,"ICV, Mean_length_mm, Streamline_count, absolute_motion, age",18,0.018,1
memory_accuracy,r_example_tract,NDI,86,1.9475,0.05931,R,40,"ICV, Mean_length_mm, Streamline_count, absolute_motion, age",18,0.018,1
memory_accuracy,r_example_tract,NDI,87,2.2405,0.03132,R,40,"ICV, Mean_length_mm, Streamline_count, absolute_motion, age",18,0.018,1
memory_accuracy,r_example_tract,NDI,88,2.5519,0.0151,R,40,"ICV, Mean_length_mm, Streamline_count, absolute_motion, age",18,0.018,1
memory_accuracy,r_example_tract,NDI,89,2.2926,0.02782,R,40,"ICV, Mean_length_mm, Streamline_count, absolute_motion, age",18,0.018,1
memory_accuracy,r_example_tract,NDI,90,2.1505,0.0383,R,40,"ICV, Mean_length_mm, Streamline_count, absolute_motion, age",18,0.018,1
memory_accuracy,r_example_tract,NDI,91,1.9334,0.06109,R,40,"ICV, Mean_length_mm, Streamline_count, absolute_motion, age",18,0.018,1
memory_accuracy,r_example_tract,NDI,92,2.0784,0.04486,R,40,"ICV, Mean_length_mm, Streamline_count, absolute_motion, age",18,0.018,1
memory_accuracy,r_example_tract,NDI,93,2.2256,0.03239,R,40,"ICV, Mean_length_mm, Streamline_count, absolute_motion, age",18,0.018,1
memory_accuracy,r_example_tract,NDI,94,2.0271,0.05011,R,40,"ICV, Mean_length_mm, Streamline_count, absolute_motion, age",18,0.018,1
memory_accuracy,r_example_tract,NDI,95,2.1132,0.04158,R,40,"ICV, Mean_length_mm, Streamline_count, absolute_motion, age",18,0.018,1
memory_accuracy,r_example_tract,NDI,96,1.8557,0.0717,R,40,"ICV, Mean_length_mm, Streamline_count, absolute_motion, age",18,0.018,1
memory_accuracy,r_example_tract,NDI,97,1.8922,0.06653,R,40,"ICV, Mean_length_mm, Streamline_count, absolute_motion, age",18,0.018,1
memory_accuracy,r_example_tract,NDI,98,1.6922,0.09924,R,40,"ICV, Mean_length_mm, Streamline_count, absolute_motion, age",18,0.018,1
memory_accuracy,r_example_tract,NDI,99,2.238,0.0315,R,40,"ICV, Mean_length_mm, Streamline_count, absolute_motion, age",18,0.018,1
memory_accuracy,l_example_tract,FA,0,-0.2425,0.80978,L,40,"ICV, Mean_length_mm, Streamline_count, absolute_motion, age",18,,0
memory_accuracy,l_example_tract,FA,1,0.1146,0.90942,L,40,"ICV, Mean_length_mm, Streamline_count, absolute_motion, age",18,,0
memory_accuracy,l_example_tract,FA,2,0.4453,0.65878,L,40,"ICV, Mean_length_mm, Streamline_count, absolute_motion, age",18,,0
memory_accuracy,l_example_tract,FA,3,0.2007,0.84204,L,40,"ICV, Mean_length_mm, Streamline_count, absolute_motion, age",18,,0
memory_accuracy,l_example_tract,FA,4,0.4044,0.68832,L,40,"ICV, Mean_length_mm, Streamline_count, absolute_motion, age",18,,0
memory_accuracy,l_example_tract,FA,5,0.3654,0.71697,L,40,"ICV, Mean_length_mm, Streamline_count, absolute_motion, age",18,,0
memory_accuracy,l_example_tract,FA,6,0.3201,0.75076,L,40,"ICV, Mean_length_mm, Streamline_count, absolute_motion, age",18,,0
memory_accuracy,l_example_tract,FA,7,0.2881,0.77494,L,40,"ICV, Mean_length_mm, Streamline_count, absolute_motion, age",18,,0
memory_accuracy,l_example_tract,FA,8,0.1892,0.85099,L,40,"ICV, Mean_length_mm, Streamline_count, absolute_motion, age",18,,0
memory_accuracy,l_example_tract,FA,9,0.2335,0.81668,L,40,"ICV, Mean_length_mm, Streamline_count, absolute_motion, age",18,,0
memory_accuracy,l_example_tract,FA,10,0.1138,0.91001,L,40,"ICV, Mean_length_mm, Streamline_count, absolute_motion, age",18,,0
memory_accuracy,l_example_tract,FA,11,0.0964,0.92377,L,40,"ICV, Mean_length_mm, Streamline_count, absolute_motion, age",18,,0
memory_accuracy,l_example_tract,FA,12,0.1603,0.87354,L,40,"ICV, Mean_length_mm, Streamline_count, absolute_motion, age",18,,0
memory_accuracy,l_example_tract,FA,13,0.0106,0.99164,L,40,"ICV, Mean_length_mm, Streamline_count, absolute_motion, age",18,,0
memory_accuracy,l_example_tract,FA,14,0.0461,0.96349,L,40,"ICV, Mean_length_mm, Streamline_count, absolute_motion, age",18,,0
memory_accuracy,l_example_tract,FA,15,0.0661,0.94764,L,40,"ICV, Mean_length_mm, Streamline_count, absolute_motion, age",18,,0
memory_accuracy,l_example_tract,FA,16,0.2194,0.82759,L,40,"ICV, Mean_length_mm, Streamline_count, absolute_motion, age",18,,0
memory_accuracy,l_example_tract,FA,17,0.3565,0.72357,L,40,"ICV, Mean_length_mm, Streamline_count, absolute_motion, age",18,,0
memory_accuracy,l_example_tract,FA,18,0.4918,0.62586,L,40,"ICV, Mean_length_mm, Streamline_count, absolute_motion, age",18,,0
memory_accuracy,l_example_tract,FA,19,0.289,0.77428,L,40,"ICV, Mean_length_mm, Streamline_count, absolute_motion, age",18,,0
memory_accuracy,l_example_tract,FA,20,0.175,0.86203,L,40,"ICV, Mean_length_mm, Streamline_count, absolute_motion, age",18,,0
memory_accuracy,l_example_tract,FA,21,0.1247,0.90145,L,40,"ICV, Mean_length_mm, Streamline_count, absolute_motion, age",18,,0
memory_accuracy,l_example_tract,FA,22,0.3187,0.75181,L,40,"ICV, Mean_length_mm, Streamline_count, absolute_motion, age",18,,0
memory_accuracy,l_example_tract,FA,23,0.3713,0.71257,L,40,"ICV, Mean_length_mm, Streamline_count, absolute_motion, age",18,,0
memory_accuracy,l_example_tract,FA,24,0.2976,0.76769,L,40,"ICV, Mean_length_mm, Streamline_count, absolute_motion, age",18,,0
memory_accuracy,l_example_tract,FA,25,-0.015,0.98809,L,40,"ICV, Mean_length_mm, Streamline_count, absolute_motion, age",18,,0
memory_accuracy,l_example_tract,FA,26,0.4747,0.63785,L,40,"ICV, Mean_length_mm, Streamline_count, absolute_motion, age",18,,0
memory_accuracy,l_example_tract,FA,27,0.0892,0.92941,L,40,"ICV, Mean_length_mm, Streamline_count, absolute_motion, age",18,,0
memory_accuracy,l_example_tract,FA,28,0.0036,0.99715,L,40,"ICV, Mean_length_mm, Streamline_count, absolute_motion, age",18,,0
memory_accuracy,l_example_tract,FA,29,0.3412,0.73496,L,40,"ICV, Mean_length_mm, Streamline_count, absolute_motion, age",18,,0
memory_accuracy,l_example_tract,FA,30,0.4152,0.6805,L,40,"ICV, Mean_length_mm, Streamline_count, absolute_motion, age",18,,0
memory_accuracy,l_example_tract,FA,31,0.1476,0.88349,L,40,"ICV, Mean_length_mm, Streamline_count, absolute_motion, age",18,,0
memory_accuracy,l_example_tract,FA,32,0.1988,0.84351,L,40,"ICV, Mean_length_mm, Streamline_count, absolute_motion, age",18,,0
memory_accuracy,l_example_tract,FA,33,0.063,0.95015,L,40,"ICV, Mean_length_mm, Streamline_count, absolute_motion, age",18,,0
memory_accuracy,l_example_tract,FA,34,0.4048,0.688,L,40,"ICV, Mean_length_mm, Streamline_count, absolute_motion, age",18,,0
memory_accuracy,l_example_tract,FA,35,0.3252,0.7469,L,40,"ICV, Mean_length_mm, Streamline_count, absolute_motion, age",18,,0
memory_accuracy,l_example_tract,FA,36,0.1616,0.87251,L,40,"ICV, Mean_length_mm, Streamline_count, absolute_motion, age",18,,0
memory_accuracy,l_example_tract,FA,37,0.4088,0.68513,L,40,"ICV, Mean_length_mm, Streamline_count, absolute_motion, age",18,,0
memory_accuracy,l_example_tract,FA,38,0.213,0.83252,L,40,"ICV, Mean_length_mm, Streamline_count, absolute_motion, age",18,,0
memory_accuracy,l_example_tract,FA,39,-0.0262,0.97926,L,40,"ICV, Mean_length_mm, Streamline_count, absolute_motion, age",18,,0
memory_accuracy,l_example_tract,FA,40,0.0381,0.96983,L,40,"ICV, Mean_length_mm, Streamline_count, absolute_motion, age",18,,0
memory_accuracy,l_example_tract,FA,41,-0.3719,0.71214,L,40,"ICV, Mean_length_mm, Streamline_count, absolute_motion, age",18,,0
memory_accuracy,l_example_tract,FA,42,-0.0222,0.98245,L,40,"ICV, Mean_length_mm, Streamline_count, absolute_motion, age",18,,0
memory_accuracy,l_example_tract,FA,43,0.2566,0.79893,L,40,"ICV, Mean_length_mm, Streamline_count, absolute_motion, age",18,,0
memory_accuracy,l_example_tract,FA,44,0.2304,0.81908,L,40,"ICV, Mean_length_mm, Streamline_count, absolute_motion, age",18,,0
memory_accuracy,l_example_tract,FA,45,0.5242,0.60336,L,40,"ICV, Mean_length_mm, Streamline_count, absolute_motion, age",18,,0
memory_accuracy,l_example_tract,FA,46,0.2736,0.78592,L,40,"ICV, Mean_length_mm, Streamline_count, absolute_motion, age",18,,0
memory_accuracy,l_example_tract,FA,47,0.1635,0.87105,L,40,"ICV, Mean_length_mm, Streamline_count, absolute_motion, age",18,,0
memory_accuracy,l_example_tract,FA,48,-0.0869,0.93122,L,40,"ICV, Mean_length_mm, Streamline_count, absolute_motion, age",18,,0
memory_accuracy,l_example_tract,FA,49,0.3627,0.71896,L,40,"ICV, Mean_length_mm, Streamline_count, absolute_motion, age",18,,0
memory_accuracy,l_example_tract,FA,50,0.2098,0.83497,L,40,"ICV, Mean_length_mm, Streamline_count, absolute_motion, age",18,,0
memory_accuracy,l_example_tract,FA,51,0.789,0.43529,L,40,"ICV, Mean_length_mm, Streamline_count, absolute_motion, age",18,,0
memory_accuracy,l_example_tract,FA,52,0.3924,0.69711,L,40,"ICV, Mean_length_mm, Streamline_count, absolute_motion, age",18,,0
memory_accuracy,l_example_tract,FA,53,0.399,0.69228,L,40,"ICV, Mean_length_mm, Streamline_count, absolute_motion, age",18,,0
memory_accuracy,l_example_tract,FA,54,0.6384,0.52723,L,40,"ICV, Mean_length_mm, Streamline_count, absolute_motion, age",18,,0
memory_accuracy,l_example_tract,FA,55,0.5437,0.59,L,40,"ICV, Mean_length_mm, Streamline_count, absolute_motion, age",18,,0
memory_accuracy,l_example_tract,FA,56,0.3053,0.76189,L,40,"ICV, Mean_length_mm, Streamline_count, absolute_motion, age",18,,0
memory_accuracy,l_example_tract,FA,57,0.7236,0.47397,L,40,"ICV, Mean_length_mm, Streamline_count, absolute_motion, age",18,,0
memory_accuracy,l_example_tract,FA,58,0.7604,0.45197,L,40,"ICV, Mean_length_mm, Streamline_count, absolute_motion, age",18,,0
memory_accuracy,l_example_tract,FA,59,0.5255,0.60246,L,40,"ICV, Mean_length_mm, Streamline_count, absolute_motion, age",18,,0
memory_accuracy,l_example_tract,FA,60,0.5687,0.57307,L,40,"ICV, Mean_length_mm, Streamline_count, absolute_motion, age",18,,0
memory_accuracy,l_example_tract,FA,61,0.7103,0.48212,L,40,"ICV, Mean_length_mm, Streamline_count, absolute_motion, age",18,,0
memory_accuracy,l_example_tract,FA,62,0.433,0.66759,L,40,"ICV, Mean_length_mm, Streamline_count, absolute_motion, age",18,,0
memory_accuracy,l_example_tract,FA,63,0.5562,0.58154,L,40,"ICV, Mean_length_mm, Streamline_count, absolute_motion, age",18,,0
memory_accuracy,l_example_tract,FA,64,0.5998,0.55242,L,40,"ICV, Mean_length_mm, Streamline_count, absolute_motion, age",18,,0
memory_accuracy,l_example_tract,FA,65,0.4066,0.68673,L,40,"ICV, Mean_length_mm, Streamline_count, absolute_motion, age",18,,0
memory_accuracy,l_example_tract,FA,66,0.555,0.58233,L,40,"ICV, Mean_length_mm, Streamline_count, absolute_motion, age",18,,0
memory_accuracy,l_example_tract,FA,67,0.6564,0.51576,L,40,"ICV, Mean_length_mm, Streamline_count, absolute_motion, age",18,,0
memory_accuracy,l_example_tract,FA,68,0.557,0.58098,L,40,"ICV, Mean_length_mm, Streamline_count, absolute_motion, age",18,,0
memory_accuracy,l_example_tract,FA,69,0.4087,0.6852,L,40,"ICV, Mean_length_mm, Streamline_count, absolute_motion, age",18,,0
memory_accuracy,l_example_tract,FA,70,0.7274,0.47171,L,40,"ICV, Mean_length_mm, Streamline_count, absolute_motion, age",18,,0
memory_accuracy,l_example_tract,FA,71,0.6338,0.5302,L,40,"ICV, Mean_length_mm, Streamline_count, absolute_motion, age",18,,0
memory_accuracy,l_example_tract,FA,72,0.5951,0.55548,L,40,"ICV, Mean_length_mm, Streamline_count, absolute_motion, age",18,,0
memory_accuracy,l_example_tract,FA,73,0.5318,0.59814,L,40,"ICV, Mean_length_mm, Streamline_count, absolute_motion, age",18,,0
memory_accuracy,l_example_tract,FA,74,0.611,0.54503,L,40,"ICV, Mean_length_mm, Streamline_count, absolute_motion, age",18,,0
memory_accuracy,l_example_tract,FA,75,0.701,0.48782,L,40,"ICV, Mean_length_mm, Streamline_count, absolute_motion, age",18,,0
memory_accuracy,l_example_tract,FA,76,0.604,0.54962,L,40,"ICV, Mean_length_mm, Streamline_count, absolute_motion, age",18,,0
memory_accuracy,l_example_tract,FA,77,0.3815,0.70509,L,40,"ICV, Mean_length_mm, Streamline_count, absolute_motion, age",18,,0
memory_accuracy,l_example_tract,FA,78,0.3934,0.69635,L,40,"ICV, Mean_length_mm, Streamline_count, absolute_motion, age",18,,0
memory_accuracy,l_example_tract,FA,79,0.3468,0.73076,L,40,"ICV, Mean_length_mm, Streamline_count, absolute_motion, age",18,,0
memory_accuracy,l_example_tract,FA,80,0.2632,0.79389,L,40,"ICV, Mean_length_mm, Streamline_count, absolute_motion, age",18,,0
memory_accuracy,l_example_tract,FA,81,0.3837,0.70348,L,40,"ICV, Mean_length_mm, Streamline_count, absolute_motion, age",18,,0
memory_accuracy,l_example_tract,FA,82,0.233,0.81704,L,40,"ICV, Mean_length_mm, Streamline_count, absolute_motion, age",18,,0
memory_accuracy,l_example_tract,FA,83,0.0711,0.94374,L,40,"ICV, Mean_length_mm, Streamline_count, absolute_motion, age",18,,0
memory_accuracy,l_example_tract,FA,84,0.1265,0.90002,L,40,"ICV, Mean_length_mm, Streamline_count, absolute_motion, age",18,,0
memory_accuracy,l_example_tract,FA,85,-0.0384,0.96958,L,40,"ICV, Mean_length_mm, Streamline_count, absolute_motion, age",18,,0
memory_accuracy,l_example_tract,FA,86,-0.0618,0.95108,L,40,"ICV, Mean_length_mm, Streamline_count, absolute_motion, age",18,,0
memory_accuracy,l_example_tract,FA,87,0.1033,0.91833,L,40,"ICV, Mean_length_mm, Streamline_count, absolute_motion, age",18,,0
memory_accuracy,l_example_tract,FA,88,0.2935,0.77082,L,40,"ICV, Mean_length_mm, Streamline_count, absolute_motion, age",18,,0
memory_accuracy,l_example_tract,FA,89,-0.0901,0.9287,L,40,"ICV, Mean_length_mm, Streamline_count, absolute_motion, age",18,,0
memory_accuracy,l_example_tract,FA,90,0.4598,0.64845,L,40,"ICV, Mean_length_mm, Streamline_count, absolute_motion, age",18,,0
memory_accuracy,l_example_tract,FA,91,0.3839,0.70334,L,40,"ICV, Mean_length_mm, Streamline_count, absolute_motion, age",18,,0
memory_accuracy,l_example_tract,FA,92,0.3265,0.74591,L,40,"ICV, Mean_length_mm, Streamline_count, absolute_motion, age",18,,0
memory_accuracy,l_example_tract,FA,93,0.1212,0.9042,L,40,"ICV, Mean_length_mm, Streamline_count, absolute_motion, age",18,,0
memory_accuracy,l_example_tract,FA,94,-0.0948,0.92499,L,40,"ICV, Mean_length_mm, Streamline_count, absolute_motion, age",18,,0
memory_accuracy,l_example_tract,FA,95,0.2815,0.77996,L,40,"ICV, Mean_length_mm, Streamline_count, absolute_motion, age",18,,0
memory_accuracy,l_example_tract,FA,96,-0.0488,0.96134,L,40,"ICV, Mean_length_mm, Streamline_count, absolute_motion, age",18,,0
memory_accuracy,l_example_tract,FA,97,0.1406,0.889,L,40,"ICV, Mean_length_mm, Streamline_count, absolute_motion, age",18,,0
memory_accuracy,l_example_tract,FA,98,-0.1995,0.84301,L,40,"ICV, Mean_length_mm, Streamline_count, absolute_motion, age",18,,0
memory_accuracy,l_example_tract,FA,99,-0.2317,0.81811,L,40,"ICV, Mean_length_mm, Streamline_count, absolute_motion, age",18,,0
memory_accuracy,r_example_tract,FA,0,0.1256,0.90071,R,40,"ICV, Mean_length_mm, Streamline_count, absolute_motion, age",18,,0
memory_accuracy,r_example_tract,FA,1,0.3,0.76588,R,40,"ICV, Mean_length_mm, Streamline_count, absolute_motion, age",18,,0
memory_accuracy,r_example_tract,FA,2,0.4749,0.63771,R,40,"ICV, Mean_length_mm, Streamline_count, absolute_motion, age",18,,0
memory_accuracy,r_example_tract,FA,3,0.1618,0.87236,R,40,"ICV, Mean_length_mm, Streamline_count, absolute_motion, age",18,,0
memory_accuracy,r_example_tract,FA,4,0.1867,0.85293,R,40,"ICV, Mean_length_mm, Streamline_count, absolute_motion, age",18,,0
memory_accuracy,r_example_tract,FA,5,0.3184,0.75206,R,40,"ICV, Mean_length_mm, Streamline_count, absolute_motion, age",18,,0
memory_accuracy,r_example_tract,FA,6,0.1778,0.85987,R,40,"ICV, Mean_length_mm, Streamline_count, absolute_motion, age",18,,0
memory_accuracy,r_example_tract,FA,7,0.5119,0.61187,R,40,"ICV, Mean_length_mm, Streamline_count, absolute_motion, age",18,,0
memory_accuracy,r_example_tract,FA,8,0.4993,0.62061,R,40,"ICV, Mean_length_mm, Streamline_count, absolute_motion, age",18,,0
memory_accuracy,r_example_tract,FA,9,0.7196,0.47639,R,40,"ICV, Mean_length_mm, Streamline_count, absolute_motion, age",18,,0
memory_accuracy,r_example_tract,FA,10,0.5486,0.58665,R,40,"ICV, Mean_length_mm, Streamline_count, absolute_motion, age",18,,0
memory_accuracy,r_example_tract,FA,11,0.8186,0.41839,R,40,"ICV, Mean_length_mm, Streamline_count, absolute_motion, age",18,,0
memory_accuracy,r_example_tract,FA,12,0.8005,0.42868,R,40,"ICV, Mean_length_mm, Streamline_count, absolute_motion, age",18,,0
memory_accuracy,r_example_tract,FA,13,0.7194,0.47651,R,40,"ICV, Mean_length_mm, Streamline_count, absolute_motion, age",18,,0
memory_accuracy,r_example_tract,FA,14,0.3888,0.69974,R,40,"ICV, Mean_length_mm, Streamline_count, absolute_motion, age",18,,0
memory_accuracy,r_example_tract,FA,15,0.4415,0.66146,R,40,"ICV, Mean_length_mm, Streamline_count, absolute_motion, age",18,,0
memory_accuracy,r_example_tract,FA,16,0.2526,0.80201,R,40,"ICV, Mean_length_mm, Streamline_count, absolute_motion, age",18,,0
memory_accuracy,r_example_tract,FA,17,0.2882,0.77482,R,40,"ICV, Mean_length_mm, Streamline_count, absolute_motion, age",18,,0
memory_accuracy,r_example_tract,FA,18,0.5535,0.58334,R,40,"ICV, Mean_length_mm, Streamline_count, absolute_motion, age",18,,0
memory_accuracy,r_example_tract,FA,19,0.4629,0.64621,R,40,"ICV, Mean_length_mm, Streamline_count, absolute_motion, age",18,,0
memory_accuracy,r_example_tract,FA,20,0.3494,0.72881,R,40,"ICV, Mean_length_mm, Streamline_count, absolute_motion, age",18,,0
memory_accuracy,r_example_tract,FA,21,0.5122,0.61161,R,40,"ICV, Mean_length_mm, Streamline_count, absolute_motion, age",18,,0
memory_accuracy,r_example_tract,FA,22,0.4284,0.67089,R,40,"ICV, Mean_length_mm, Streamline_count, absolute_motion, age",18,,0
memory_accuracy,r_example_tract,FA,23,0.0497,0.96061,R,40,"ICV, Mean_length_mm, Streamline_count, absolute_motion, age",18,,0
memory_accuracy,r_example_tract,FA,24,0.0188,0.98507,R,40,"ICV, Mean_length_mm, Streamline_count, absolute_motion, age",18,,0
memory_accuracy,r_example_tract,FA,25,0.3314,0.74225,R,40,"ICV, Mean_length_mm, Streamline_count, absolute_motion, age",18,,0
memory_accuracy,r_example_tract,FA,26,0.3373,0.73784,R,40,"ICV, Mean_length_mm, Streamline_count, absolute_motion, age",18,,0
memory_accuracy,r_example_tract,FA,27,0.26,0.79638,R,40,"ICV, Mean_length_mm, Streamline_count, absolute_motion, age",18,,0
memory_accuracy,r_example_tract,FA,28,0.4816,0.63303,R,40,"ICV, Mean_length_mm, Streamline_count, absolute_motion, age",18,,0
memory_accuracy,r_example_tract,FA,29,0.2142,0.83157,R,40,"ICV, Mean_length_mm, Streamline_count, absolute_motion, age",18,,0
memory_accuracy,r_example_tract,FA,30,-0.0793,0.93719,R,40,"ICV, Mean_length_mm, Streamline_count, absolute_motion, age",18,,0
memory_accuracy,r_example_tract,FA,31,0.2427,0.80959,R,40,"ICV, Mean_length_mm, Streamline_count, absolute_motion, age",18,,0
memory_accuracy,r_example_tract,FA,32,0.2448,0.80801,R,40,"ICV, Mean_length_mm, Streamline_count, absolute_motion, age",18,,0
memory_accuracy,r_example_tract,FA,33,0.6703,0.50694,R,40,"ICV, Mean_length_mm, Streamline_count, absolute_motion, age",18,,0
memory_accuracy,r_example_tract,FA,34,0.7806,0.44014,R,40,"ICV, Mean_length_mm, Streamline_count, absolute_motion, age",18,,0
memory_accuracy,r_example_tract,FA,35,0.7269,0.47196,R,40,"ICV, Mean_length_mm, Streamline_count, absolute_motion, age",18,,0
memory_accuracy,r_example_tract,FA,36,0.347,0.73061,R,40,"ICV, Mean_length_mm, Streamline_count, absolute_motion, age",18,,0
memory_accuracy,r_example_tract,FA,37,0.3861,0.70172,R,40,"ICV, Mean_length_mm, Streamline_count, absolute_motion, age",18,,0
memory_accuracy,r_example_tract,FA,38,0.6266,0.53487,R,40,"ICV, Mean_length_mm, Streamline_count, absolute_motion, age",18,,0
memory_accuracy,r_example_tract,FA,39,0.4286,0.67076,R,40,"ICV, Mean_length_mm, Streamline_count, absolute_motion, age",18,,0
memory_accuracy,r_example_tract,FA,40,0.8028,0.42738,R,40,"ICV, Mean_length_mm, Streamline_count, absolute_motion, age",18,,0
memory_accuracy,r_example_tract,FA,41,0.6215,0.53822,R,40,"ICV, Mean_length_mm, Streamline_count, absolute_motion, age",18,,0
memory_accuracy,r_example_tract,FA,42,0.3949,0.69525,R,40,"ICV, Mean_length_mm, Streamline_count, absolute_motion, age",18,,0
memory_accuracy,r_example_tract,FA,43,0.2303,0.81916,R,40,"ICV, Mean_length_mm, Streamline_count, absolute_motion, age",18,,0
memory_accuracy,r_example_tract,FA,44,0.0916,0.92753,R,40,"ICV, Mean_length_mm, Streamline_count, absolute_motion, age",18,,0
memory_accuracy,r_example_tract,FA,45,-0.0389,0.96918,R,40,"ICV, Mean_length_mm, Streamline_count, absolute_motion, age",18,,0
memory_accuracy,r_example_tract,FA,46,-0.1895,0.85079,R,40,"ICV, Mean_length_mm, Streamline_count, absolute_motion, age",18,,0
memory_accuracy,r_example_tract,FA,47,0.2736,0.78595,R,40,"ICV, Mean_length_mm, Streamline_count, absolute_motion, age",18,,0
memory_accuracy,r_example_tract,FA,48,0.3892,0.69939,R,40,"ICV, Mean_length_mm, Streamline_count, absolute_motion, age",18,,0
memory_accuracy,r_example_tract,FA,49,0.2774,0.78308,R,40,"ICV, Mean_length_mm, Streamline_count, absolute_motion, age",18,,0
memory_accuracy,r_example_tract,FA,50,0.1623,0.87201,R,40,"ICV, Mean_length_mm, Streamline_count, absolute_motion, age",18,,0
memory_accuracy,r_example_tract,FA,51,0.1365,0.89221,R,40,"ICV, Mean_length_mm, Streamline_count, absolute_motion, age",18,,0
memory_accuracy,r_example_tract,FA,52,0.2402,0.81152,R,40,"ICV, Mean_length_mm, Streamline_count, absolute_motion, age",18,,0
memory_accuracy,r_example_tract,FA,53,-0.0821,0.93504,R,40,"ICV, Mean_length_mm, Streamline_count, absolute_motion, age",18,,0
memory_accuracy,r_example_tract,FA,54,0.2665,0.79136,R,40,"ICV, Mean_length_mm, Streamline_count, absolute_motion, age",18,,0
memory_accuracy,r_example_tract,FA,55,0.2584,0.79753,R,40,"ICV, Mean_length_mm, Streamline_count, absolute_motion, age",18,,0
memory_accuracy,r_example_tract,FA,56,0.1733,0.86342,R,40,"ICV, Mean_length_mm, Streamline_count, absolute_motion, age",18,,0
memory_accuracy,r_example_tract,FA,57,0.2861,0.77646,R,40,"ICV, Mean_length_mm, Streamline_count, absolute_motion, age",18,,0
memory_accuracy,r_example_tract,FA,58,0.1477,0.88341,R,40,"ICV, Mean_length_mm, Streamline_count, absolute_motion, age",18,,0
memory_accuracy,r_example_tract,FA,59,0.2668,0.79114,R,40,"ICV, Mean_length_mm, Streamline_count, absolute_motion, age",18,,0
memory_accuracy,r_example_tract,FA,60,0.4563,0.6509,R,40,"ICV, Mean_length_mm, Streamline_count, absolute_motion, age",18,,0
memory_accuracy,r_example_tract,FA,61,0.5807,0.56505,R,40,"ICV, Mean_length_mm, Streamline_count, absolute_motion, age",18,,0
memory_accuracy,r_example_tract,FA,62,0.3795,0.70658,R,40,"ICV, Mean_length_mm, Streamline_count, absolute_motion, age",18,,0
memory_accuracy,r_example_tract,FA,63,0.596,0.55488,R,40,"ICV, Mean_length_mm, Streamline_count, absolute_motion, age",18,,0
memory_accuracy,r_example_tract,FA,64,0.6779,0.50217,R,40,"ICV, Mean_length_mm, Streamline_count, absolute_motion, age",18,,0
memory_accuracy,r_example_tract,FA,65,0.4479,0.65693,R,40,"ICV, Mean_length_mm, Streamline_count, absolute_motion, age",18,,0
memory_accuracy,r_example_tract,FA,66,0.0209,0.98341,R,40,"ICV, Mean_length_mm, Streamline_count, absolute_motion, age",18,,0
memory_accuracy,r_example_tract,FA,67,0.5897,0.55911,R,40,"ICV, Mean_length_mm, Streamline_count, absolute_motion, age",18,,0
memory_accuracy,r_example_tract,FA,68,0.3461,0.73126,R,40,"ICV, Mean_length_mm, Streamline_count, absolute_motion, age",18,,0
memory_accuracy,r_example_tract,FA,69,0.8472,0.40248,R,40,"ICV, Mean_length_mm, Streamline_count, absolute_motion, age",18,,0
memory_accuracy,r_example_tract,FA,70,0.7673,0.44789,R,40,"ICV, Mean_length_mm, Streamline_count, absolute_motion, age",18,,0
memory_accuracy,r_example_tract,FA,71,0.3458,0.73153,R,40,"ICV, Mean_length_mm, Streamline_count, absolute_motion, age",18,,0
memory_accuracy,r_example_tract,FA,72,0.1166,0.90784,R,40,"ICV, Mean_length_mm, Streamline_count, absolute_motion, age",18,,0
memory_accuracy,r_example_tract,FA,73,0.2702,0.78854,R,40,"ICV, Mean_length_mm, Streamline_count, absolute_motion, age",18,,0
memory_accuracy,r_example_tract,FA,74,0.302,0.76442,R,40,"ICV, Mean_length_mm, Streamline_count, absolute_motion, age",18,,0
memory_accuracy,r_example_tract,FA,75,0.4502,0.65526,R,40,"ICV, Mean_length_mm, Streamline_count, absolute_motion, age",18,,0
memory_accuracy,r_example_tract,FA,76,-0.0383,0.96968,R,40,"ICV, Mean_length_mm, Streamline_count, absolute_motion, age",18,,0
memory_accuracy,r_example_tract,FA,77,0.5578,0.58042,R,40,"ICV, Mean_length_mm, Streamline_count, absolute_motion, age",18,,0
memory_accuracy,r_example_tract,FA,78,0.0431,0.96586,R,40,"ICV, Mean_length_mm, Streamline_count, absolute_motion, age",18,,0
memory_accuracy,r_example_tract,FA,79,0.5164,0.60872,R,40,"ICV, Mean_length_mm, Streamline_count, absolute_motion, age",18,,0
memory_accuracy,r_example_tract,FA,80,0.1697,0.8662,R,40,"ICV, Mean_length_mm, Streamline_count, absolute_motion, age",18,,0
memory_accuracy,r_example_tract,FA,81,0.286,0.77655,R,40,"ICV, Mean_length_mm, Streamline_count, absolute_motion, age",18,,0
memory_accuracy,r_example_tract,FA,82,0.373,0.71133,R,40,"ICV, Mean_length_mm, Streamline_count, absolute_motion, age",18,,0
memory_accuracy,r_example_tract,FA,83,0.5154,0.60944,R,40,"ICV, Mean_length_mm, Streamline_count, absolute_motion, age",18,,0
memory_accuracy,r_example_tract,FA,84,0.4,0.69149,R,40,"ICV, Mean_length_mm, Streamline_count, absolute_motion, age",18,,0
memory_accuracy,r_example_tract,FA,85,0.5193,0.60676,R,40,"ICV, Mean_length_mm, Streamline_count, absolute_motion, age",18,,0
memory_accuracy,r_example_tract,FA,86,0.158,0.87535,R,40,"ICV, Mean_length_mm, Streamline_count, absolute_motion, age",18,,0
memory_accuracy,r_example_tract,FA,87,0.3848,0.70262,R,40,"ICV, Mean_length_mm, Streamline_count, absolute_motion, age",18,,0
memory_accuracy,r_example_tract,FA,88,0.2044,0.8392,R,40,"ICV, Mean_length_mm, Streamline_count, absolute_motion, age",18,,0
memory_accuracy,r_example_tract,FA,89,0.5077,0.61478,R,40,"ICV, Mean_length_mm, Streamline_count, absolute_motion, age",18,,0
memory_accuracy,r_example_tract,FA,90,0.1859,0.8536,R,40,"ICV, Mean_length_mm, Streamline_count, absolute_motion, age",18,,0
memory_accuracy,r_example_tract,FA,91,0.8219,0.41653,R,40,"ICV, Mean_length_mm, Streamline_count, absolute_motion, age",18,,0
memory_accuracy,r_example_tract,FA,92,0.4802,0.63397,R,40,"ICV, Mean_length_mm, Streamline_count, absolute_motion, age",18,,0
memory_accuracy,r_example_tract,FA,93,0.5198,0.60637,R,40,"ICV, Mean_length_mm, Streamline_count, absolute_motion, age",18,,0
memory_accuracy,r_example_tract,FA,94,0.178,0.85969,R,40,"ICV, Mean_length_mm, Streamline_count, absolute_motion, age",18,,0
memory_accuracy,r_example_tract,FA,95,0.4471,0.65751,R,40,"ICV, Mean_length_mm, Streamline_count, absolute_motion, age",18,,0
memory_accuracy,r_example_tract,FA,96,0.5428,0.59058,R,40,"ICV, Mean_length_mm, Streamline_count, absolute_motion, age",18,,0
memory_accuracy,r_example_tract,FA,97,0.3156,0.75412,R,40,"ICV, Mean_length_mm, Streamline_count, absolute_motion, age",18,,0
memory_accuracy,r_example_tract,FA,98,0.4152,0.68048,R,40,"ICV, Mean_length_mm, Streamline_count, absolute_motion, age",18,,0
memory_accuracy,r_example_tract,FA,99,0.6144,0.54284,R,40,"ICV, Mean_length_mm, Streamline_count, absolute_motion, age",18,,0
memory_bias,l_example_tract,NDI,0,0.2911,0.77266,L,40,"ICV, Mean_length_mm, Streamline_count, absolute_motion, age",18,0.011,1
memory_bias,l_example_tract,NDI,1,0.4271,0.67187,L,40,"ICV, Mean_length_mm, Streamline_count, absolute_motion, age",18,0.011,1
memory_bias,l_example_tract,NDI,2,0.1012,0.91995,L,40,"ICV, Mean_length_mm, Streamline_count, absolute_motion, age",18,0.011,1
memory_bias,l_example_tract,NDI,3,0.355,0.72468,L,40,"ICV, Mean_length_mm, Streamline_count, absolute_motion, age",18,0.011,1
memory_bias,l_example_tract,NDI,4,0.0964,0.92372,L,40,"ICV, Mean_length_mm, Streamline_count, absolute_motion, age",18,0.011,1
memory_bias,l_example_tract,NDI,5,0.1115,0.91183,L,40,"ICV, Mean_length_mm, Streamline_count, absolute_motion, age",18,0.011,1
memory_bias,l_example_tract,NDI,6,0.3083,0.75961,L,40,"ICV, Mean_length_mm, Streamline_count, absolute_motion, age",18,0.011,1
memory_bias,l_example_tract,NDI,7,-0.014,0.98889,L,40,"ICV, Mean_length_mm, Streamline_count, absolute_motion, age",18,0.011,1
memory_bias,l_example_tract,NDI,8,-0.227,0.82174,L,40,"ICV, Mean_length_mm, Streamline_count, absolute_motion, age",18,0.011,1
memory_bias,l_example_tract,NDI,9,-0.2288,0.82035,L,40,"ICV, Mean_length_mm, Streamline_count, absolute_motion, age",18,0.011,1
memory_bias,l_example_tract,NDI,10,-0.0389,0.96921,L,40,"ICV, Mean_length_mm, Streamline_count, absolute_motion, age",18,0.011,1
memory_bias,l_example_tract,NDI,11,0.1041,0.91764,L,40,"ICV, Mean_length_mm, Streamline_count, absolute_motion, age",18,0.011,1
memory_bias,l_example_tract,NDI,12,-0.3454,0.73181,L,40,"ICV, Mean_length_mm, Streamline_count, absolute_motion, age",18,0.011,1
memory_bias,l_example_tract,NDI,13,-0.2193,0.82763,L,40,"ICV, Mean_length_mm, Streamline_count, absolute_motion, age",18,0.011,1
memory_bias,l_example_tract,NDI,14,-0.7799,0.44056,L,40,"ICV, Mean_length_mm, Streamline_count, absolute_motion, age",18,0.011,1
memory_bias,l_example_tract,NDI,15,-0.3959,0.69448,L,40,"ICV, Mean_length_mm, Streamline_count, absolute_motion, age",18,0.011,1
memory_bias,l_example_tract,NDI,16,-0.2465,0.80667,L,40,"ICV, Mean_length_mm, Streamline_count, absolute_motion, age",18,0.011,1
memory_bias,l_example_tract,NDI,17,-0.4961,0.62282,L,40,"ICV, Mean_length_mm, Streamline_count, absolute_motion, age",18,0.011,1
memory_bias,l_example_tract,NDI,18,-0.6918,0.49353,L,40,"ICV, Mean_length_mm, Streamline_count, absolute_motion, age",18,0.011,1
memory_bias,l_example_tract,NDI,19,-0.5591,0.57955,L,40,"ICV, Mean_length_mm, Streamline_count, absolute_motion, age",18,0.011,1
memory_bias,l_example_tract,NDI,20,-0.4613,0.64735,L,40,"ICV, Mean_length_mm, Streamline_count, absolute_motion, age",18,0.011,1
memory_bias,l_example_tract,NDI,21,-0.5248,0.60294,L,40,"ICV, Mean_length_mm, Streamline_count, absolute_motion, age",18,0.011,1
memory_bias,l_example_tract,NDI,22,-0.5732,0.57007,L,40,"ICV, Mean_length_mm, Streamline_count, absolute_motion, age",18,0.011,1
memory_bias,l_example_tract,NDI,23,-1.0008,0.32358,L,40,"ICV, Mean_length_mm, Streamline_count, absolute_motion, age",18,0.011,1
memory_bias,l_example_tract,NDI,24,-1.0212,0.31398,L,40,"ICV, Mean_length_mm, Streamline_count, absolute_motion, age",18,0.011,1
memory_bias,l_example_tract,NDI,25,-0.9084,0.3697,L,40,"ICV, Mean_length_mm, Streamline_count, absolute_motion, age",18,0.011,1
memory_bias,l_example_tract,NDI,26,-1.4001,0.17003,L,40,"ICV, Mean_length_mm, Streamline_count, absolute_motion, age",18,0.011,1
memory_bias,l_example_tract,NDI,27,-1.5525,0.1293,L,40,"ICV, Mean_length_mm, Streamline_count, absolute_motion, age",18,0.011,1
memory_bias,l_example_tract,NDI,28,-1.3893,0.17327,L,40,"ICV, Mean_length_mm, Streamline_count, absolute_motion, age",18,0.011,1
memory_bias,l_example_tract,NDI,29,-1.5687,0.12546,L,40,"ICV, Mean_length_mm, Streamline_count, absolute_motion, age",18,0.011,1
memory_bias,l_example_tract,NDI,30,-1.7485,0.0889,L,40,"ICV, Mean_length_mm, Streamline_count, absolute_motion, age",18,0.011,1
memory_bias,l_example_tract,NDI,31,-2.0948,0.04328,L,40,"ICV, Mean_length_mm, Streamline_count, absolute_motion, age",18,0.011,1
memory_bias,l_example_tract,NDI,32,-2.5015,0.01705,L,40,"ICV, Mean_length_mm, Streamline_count, absolute_motion, age",18,0.011,1
memory_bias,l_example_tract,NDI,33,-2.7045,0.01038,L,40,"ICV, Mean_length_mm, Streamline_count, absolute_motion, age",18,0.011,1
memory_bias,l_example_tract,NDI,34,-2.4329,0.02008,L,40,"ICV, Mean_length_mm, Streamline_count, absolute_motion, age",18,0.011,1
memory_bias,l_example_tract,NDI,35,-2.6055,0.01326,L,40,"ICV, Mean_length_mm, Streamline_count, absolute_motion, age",18,0.011,1
memory_bias,l_example_tract,NDI,36,-3.1667,0.00314,L,40,"ICV, Mean_length_mm, Streamline_count, absolute_motion, age",18,0.011,1
memory_bias,l_example_tract,NDI,37,-3.2535,0.00248,L,40,"ICV, Mean_length_mm, Streamline_count, absolute_motion, age",18,0.011,1
memory_bias,l_example_tract,NDI,38,-3.2002,0.00287,L,40,"ICV, Mean_length_mm, Streamline_count, absolute_motion, age",18,0.011,1
memory_bias,l_example_tract,NDI,39,-3.1181,0.00357,L,40,"ICV, Mean_length_mm, Streamline_count, absolute_motion, age",18,0.011,1
memory_bias,l_example_tract,NDI,40,-3.3566,0.00187,L,40,"ICV, Mean_length_mm, Streamline_count, absolute_motion, age",18,0.011,1
memory_bias,l_example_tract,NDI,41,-3.4015,0.00165,L,40,"ICV, Mean_length_mm, Streamline_count, absolute_motion, age",18,0.011,1
memory_bias,l_example_tract,NDI,42,-3.1391,0.00338,L,40,"ICV, Mean_length_mm, Streamline_count, absolute_motion, age",18,0.011,1
memory_bias,l_example_tract,NDI,43,-3.0906,0.00384,L,40,"ICV, Mean_length_mm, Streamline_count, absolute_motion, age",18,0.011,1
memory_bias,l_example_tract,NDI,44,-3.2518,0.00249,L,40,"ICV, Mean_length_mm, Streamline_count, absolute_motion, age",18,0.011,1
memory_bias,l_example_tract,NDI,45,-3.164,0.00316,L,40,"ICV, Mean_length_mm, Streamline_count, absolute_motion, age",18,0.011,1
memory_bias,l_example_tract,NDI,46,-2.7572,0.0091,L,40,"ICV, Mean_length_mm, Streamline_count, absolute_motion, age",18,0.011,1
memory_bias,l_example_tract,NDI,47,-3.0087,0.00477,L,40,"ICV, Mean_length_mm, Streamline_count, absolute_motion, age",18,0.011,1
memory_bias,l_example_tract,NDI,48,-2.6837,0.01093,L,40,"ICV, Mean_length_mm, Streamline_count, absolute_motion, age",18,0.011,1
memory_bias,l_example_tract,NDI,49,-2.4548,0.01906,L,40,"ICV, Mean_length_mm, Streamline_count, absolute_motion, age",18,0.011,1
memory_bias,l_example_tract,NDI,50,-2.4235,0.02053,L,40,"ICV, Mean_length_mm, Streamline_count, absolute_motion, age",18,0.011,1
memory_bias,l_example_tract,NDI,51,-2.1493,0.03841,L,40,"ICV, Mean_length_mm, Streamline_count, absolute_motion, age",18,0.011,1
memory_bias,l_example_tract,NDI,52,-2.4153,0.02093,L,40,"ICV, Mean_length_mm, Streamline_count, absolute_motion, age",18,0.011,1
memory_bias,l_example_tract,NDI,53,-1.9125,0.0638,L,40,"ICV, Mean_length_mm, Streamline_count, absolute_motion, age",18,0.011,1
memory_bias,l_example_tract,NDI,54,-1.6904,0.09959,L,40,"ICV, Mean_length_mm, Streamline_count, absolute_motion, age",18,0.011,1
memory_bias,l_example_tract,NDI,55,-1.4681,0.15077,L,40,"ICV, Mean_length_mm, Streamline_count, absolute_motion, age",18,0.011,1
memory_bias,l_example_tract,NDI,56,-1.2613,0.2153,L,40,"ICV, Mean_length_mm, Streamline_count, absolute_motion, age",18,0.011,1
memory_bias,l_example_tract,NDI,57,-1.3649,0.18075,L,40,"ICV, Mean_length_mm, Streamline_count, absolute_motion, age",18,0.011,1
memory_bias,l_example_tract,NDI,58,-0.7844,0.43791,L,40,"ICV, Mean_length_mm, Streamline_count, absolute_motion, age",18,0.011,1
memory_bias,l_example_tract,NDI,59,-0.8474,0.4024,L,40,"ICV, Mean_length_mm, Streamline_count, absolute_motion, age",18,0.011,1
memory_bias,l_example_tract,NDI,60,-0.6611,0.51275,L,40,"ICV, Mean_length_mm, Streamline_count, absolute_motion, age",18,0.011,1
memory_bias,l_example_tract,NDI,61,-0.5849,0.56225,L,40,"ICV, Mean_length_mm, Streamline_count, absolute_motion, age",18,0.011,1
memory_bias,l_example_tract,NDI,62,-0.4394,0.66299,L,40,"ICV, Mean_length_mm, Streamline_count, absolute_motion, age",18,0.011,1
memory_bias,l_example_tract,NDI,63,-0.1543,0.87821,L,40,"ICV, Mean_length_mm, Streamline_count, absolute_motion, age",18,0.011,1
memory_bias,l_example_tract,NDI,64,-0.2786,0.78214,L,40,"ICV, Mean_length_mm, Streamline_count, absolute_motion, age",18,0.011,1
memory_bias,l_example_tract,NDI,65,-0.0809,0.93598,L,40,"ICV, Mean_length_mm, Streamline_count, absolute_motion, age",18,0.011,1
memory_bias,l_example_tract,NDI,66,-0.0703,0.94434,L,40,"ICV, Mean_length_mm, Streamline_count, absolute_motion, age",18,0.011,1
memory_bias,l_example_tract,NDI,67,-0.2346,0.81587,L,40,"ICV, Mean_length_mm, Streamline_count, absolute_motion, age",18,0.011,1
memory_bias,l_example_tract,NDI,68,0.0215,0.98297,L,40,"ICV, Mean_length_mm, Streamline_count, absolute_motion, age",18,0.011,1
memory_bias,l_example_tract,NDI,69,0.0214,0.98305,L,40,"ICV, Mean_length_mm, Streamline_count, absolute_motion, age",18,0.011,1
memory_bias,l_example_tract,NDI,70,-0.1583,0.8751,L,40,"ICV, Mean_length_mm, Streamline_count, absolute_motion, age",18,0.011,1
memory_bias,l_example_tract,NDI,71,-0.0849,0.9328,L,40,"ICV, Mean_length_mm, Streamline_count, absolute_motion, age",18,0.011,1
memory_bias,l_example_tract,NDI,72,-0.16,0.87376,L,40,"ICV, Mean_length_mm, Streamline_count, absolute_motion, age",18,0.011,1
memory_bias,l_example_tract,NDI,73,-0.2961,0.76885,L,40,"ICV, Mean_length_mm, Streamline_count, absolute_motion, age",18,0.011,1
memory_bias,l_example_tract,NDI,74,0.1531,0.87918,L,40,"ICV, Mean_length_mm, Streamline_count, absolute_motion, age",18,0.011,1
memory_bias,l_example_tract,NDI,75,-0.1827,0.85608,L,40,"ICV, Mean_length_mm, Streamline_count, absolute_motion, age",18,0.011,1
memory_bias,l_example_tract,NDI,76,0.0974,0.92293,L,40,"ICV, Mean_length_mm, Streamline_count, absolute_motion, age",18,0.011,1
memory_bias,l_example_tract,NDI,77,0.1099,0.91308,L,40,"ICV, Mean_length_mm, Streamline_count, absolute_motion, age",18,0.011,1
memory_bias,l_example_tract,NDI,78,-0.0063,0.99498,L,40,"ICV, Mean_length_mm, Streamline_count, absolute_motion, age",18,0.011,1
memory_bias,l_example_tract,NDI,79,0.0138,0.98906,L,40,"ICV, Mean_length_mm, Streamline_count, absolute_motion, age",18,0.011,1
memory_bias,l_example_tract,NDI,80,0.2441,0.80851,L,40,"ICV, Mean_length_mm, Streamline_count, absolute_motion, age",18,0.011,1
memory_bias,l_example_tract,NDI,81,0.3354,0.73925,L,40,"ICV, Mean_length_mm, Streamline_count, absolute_motion, age",18,0.011,1
memory_bias,l_example_tract,NDI,82,0.0331,0.97379,L,40,"ICV, Mean_length_mm, Streamline_count, absolute_motion, age",18,0.011,1
memory_bias,l_example_tract,NDI,83,0.1453,0.88528,L,40,"ICV, Mean_length_mm, Streamline_count, absolute_motion, age",18,0.011,1
memory_bias,l_example_tract,NDI,84,-0.0756,0.94019,L,40,"ICV, Mean_length_mm, Streamline_count, absolute_motion, age",18,0.011,1
memory_bias,l_example_tract,NDI,85,-0.2596,0.79662,L,40,"ICV, Mean_length_mm, Streamline_count, absolute_motion, age",18,0.011,1
memory_bias,l_example_tract,NDI,86,0.1052,0.91679,L,40,"ICV, Mean_length_mm, Streamline_count, absolute_motion, age",18,0.011,1
memory_bias,l_example_tract,NDI,87,-0.3777,0.70787,L,40,"ICV, Mean_length_mm, Streamline_count, absolute_motion, age",18,0.011,1
memory_bias,l_example_tract,NDI,88,-0.4644,0.64517,L,40,"ICV, Mean_length_mm, Streamline_count, absolute_motion, age",18,0.011,1
memory_bias,l_example_tract,NDI,89,-0.3157,0.75406,L,40,"ICV, Mean_length_mm, Streamline_count, absolute_motion, age",18,0.011,1
memory_bias,l_example_tract,NDI,90,-0.455,0.65183,L,40,"ICV, Mean_length_mm, Streamline_count, absolute_motion, age",18,0.011,1
memory_bias,l_example_tract,NDI,91,-0.2663,0.79151,L,40,"ICV, Mean_length_mm, Streamline_count, absolute_motion, age",18,0.011,1
memory_bias,l_example_tract,NDI,92,-0.4823,0.63249,L,40,"ICV, Mean_length_mm, Streamline_count, absolute_motion, age",18,0.011,1
memory_bias,l_example_tract,NDI,93,-0.49,0.62711,L,40,"ICV, Mean_length_mm, Streamline_count, absolute_motion, age",18,0.011,1
memory_bias,l_example_tract,NDI,94,-0.4192,0.67758,L,40,"ICV, Mean_length_mm, Streamline_count, absolute_motion, age",18,0.011,1
memory_bias,l_example_tract,NDI,95,-0.3147,0.7548,L,40,"ICV, Mean_length_mm, Streamline_count, absolute_motion, age",18,0.011,1
memory_bias,l_example_tract,NDI,96,-0.1159,0.9084,L,40,"ICV, Mean_length_mm, Streamline_count, absolute_motion, age",18,0.011,1
memory_bias,l_example_tract,NDI,97,0.0966,0.92355,L,40,"ICV, Mean_length_mm, Streamline_count, absolute_motion, age",18,0.011,1
memory_bias,l_example_tract,NDI,98,0.1108,0.91238,L,40,"ICV, Mean_length_mm, Streamline_count, absolute_motion, age",18,0.011,1
memory_bias,l_example_tract,NDI,99,0.1798,0.85835,L,40,"ICV, Mean_length_mm, Streamline_count, absolute_motion, age",18,0.011,1
memory_bias,r_example_tract,NDI,0,-0.1604,0.8735,R,40,"ICV, Mean_length_mm, Streamline_count, absolute_motion, age",18,0.004,1
memory_bias,r_example_tract,NDI,1,-0.4374,0.66442,R,40,"ICV, Mean_length_mm, Streamline_count, absolute_motion, age",18,0.004,1
memory_bias,r_example_tract,NDI,2,-0.3443,0.73259,R,40,"ICV, Mean_length_mm, Streamline_count, absolute_motion, age",18,0.004,1
memory_bias,r_example_tract,NDI,3,0.0025,0.99802,R,40,"ICV, Mean_length_mm, Streamline_count, absolute_motion, age",18,0.004,1
memory_bias,r_example_tract,NDI,4,-0.0524,0.95847,R,40,"ICV, Mean_length_mm, Streamline_count, absolute_motion, age",18,0.004,1
memory_bias,r_example_tract,NDI,5,-0.066,0.94776,R,40,"ICV, Mean_length_mm, Streamline_count, absolute_motion, age",18,0.004,1
memory_bias,r_example_tract,NDI,6,0.0315,0.97506,R,40,"ICV, Mean_length_mm, Streamline_count, absolute_motion, age",18,0.004,1
memory_bias,r_example_tract,NDI,7,-0.0669,0.94706,R,40,"ICV, Mean_length_mm, Streamline_count, absolute_motion, age",18,0.004,1
memory_bias,r_example_tract,NDI,8,0.101,0.9201,R,40,"ICV, Mean_length_mm, Streamline_count, absolute_motion, age",18,0.004,1
memory_bias,r_example_tract,NDI,9,-0.0728,0.94239,R,40,"ICV, Mean_length_mm, Streamline_count, absolute_motion, age",18,0.004,1
memory_bias,r_example_tract,NDI,10,-0.0038,0.997,R,40,"ICV, Mean_length_mm, Streamline_count, absolute_motion, age",18,0.004,1
memory_bias,r_example_tract,NDI,11,0.1677,0.86772,R,40,"ICV, Mean_length_mm, Streamline_count, absolute_motion, age",18,0.004,1
memory_bias,r_example_tract,NDI,12,-0.0709,0.94388,R,40,"ICV, Mean_length_mm, Streamline_count, absolute_motion, age",18,0.004,1
memory_bias,r_example_tract,NDI,13,-0.1568,0.87626,R,40,"ICV, Mean_length_mm, Streamline_count, absolute_motion, age",18,0.004,1
memory_bias,r_example_tract,NDI,14,-0.3687,0.71449,R,40,"ICV, Mean_length_mm, Streamline_count, absolute_motion, age",18,0.004,1
memory_bias,r_example_tract,NDI,15,-0.2154,0.83065,R,40,"ICV, Mean_length_mm, Streamline_count, absolute_motion, age",18,0.004,1
memory_bias,r_example_tract,NDI,16,-0.4807,0.63364,R,40,"ICV, Mean_length_mm, Streamline_count, absolute_motion, age",18,0.004,1
memory_bias,r_example_tract,NDI,17,-0.5496,0.58598,R,40,"ICV, Mean_length_mm, Streamline_count, absolute_motion, age",18,0.004,1
memory_bias,r_example_tract,NDI,18,-0.5688,0.57304,R,40,"ICV, Mean_length_mm, Streamline_count, absolute_motion, age",18,0.004,1
memory_bias,r_example_tract,NDI,19,-0.7137,0.48002,R,40,"ICV, Mean_length_mm, Streamline_count, absolute_motion, age",18,0.004,1
memory_bias,r_example_tract,NDI,20,-0.7663,0.44847,R,40,"ICV, Mean_length_mm, Streamline_count, absolute_motion, age",18,0.004,1
memory_bias,r_example_tract,NDI,21,-0.926,0.36061,R,40,"ICV, Mean_length_mm, Streamline_count, absolute_motion, age",18,0.004,1
memory_bias,r_example_tract,NDI,22,-1.0179,0.31552,R,40,"ICV, Mean_length_mm, Streamline_count, absolute_motion, age",18,0.004,1
memory_bias,r_example_tract,NDI,23,-1.034,0.30805,R,40,"ICV, Mean_length_mm, Streamline_count, absolute_motion, age",18,0.004,1
memory_bias,r_example_tract,NDI,24,-1.5052,0.141,R,40,"ICV, Mean_length_mm, Streamline_count, absolute_motion, age",18,0.004,1
memory_bias,r_example_tract,NDI,25,-1.397,0.17097,R,40,"ICV, Mean_length_mm, Streamline_count, absolute_motion, age",18,0.004,1
memory_bias,r_example_tract,NDI,26,-1.7466,0.08923,R,40,"ICV, Mean_length_mm, Streamline_count, absolute_motion, age",18,0.004,1
memory_bias,r_example_tract,NDI,27,-1.547,0.13061,R,40,"ICV, Mean_length_mm, Streamline_count, absolute_motion, age",18,0.004,1
memory_bias,r_example_tract,NDI,28,-2.1115,0.04174,R,40,"ICV, Mean_length_mm, Streamline_count, absolute_motion, age",18,0.004,1
memory_bias,r_example_tract,NDI,29,-2.0208,0.05079,R,40,"ICV, Mean_length_mm, Streamline_count, absolute_motion, age",18,0.004,1
memory_bias,r_example_tract,NDI,30,-2.2953,0.02765,R,40,"ICV, Mean_length_mm, Streamline_count, absolute_motion, age",18,0.004,1
memory_bias,r_example_tract,NDI,31,-2.5349,0.01574,R,40,"ICV, Mean_length_mm, Streamline_count, absolute_motion, age",18,0.004,1
memory_bias,r_example_tract,NDI,32,-2.4348,0.01999,R,40,"ICV, Mean_length_mm, Streamline_count, absolute_motion, age",18,0.004,1
memory_bias,r_example_tract,NDI,33,-2.5927,0.01368,R,40,"ICV, Mean_length_mm, Streamline_count, absolute_motion, age",18,0.004,1
memory_bias,r_example_tract,NDI,34,-2.865,0.00692,R,40,"ICV, Mean_length_mm, Streamline_count, absolute_motion, age",18,0.004,1
memory_bias,r_example_tract,NDI,35,-2.7607,0.00902,R,40,"ICV, Mean_length_mm, Streamline_count, absolute_motion, age",18,0.004,1
memory_bias,r_example_tract,NDI,36,-2.835,0.00747,R,40,"ICV, Mean_length_mm, Streamline_count, absolute_motion, age",18,0.004,1
memory_bias,r_example_tract,NDI,37,-3.02,0.00463,R,40,"ICV, Mean_length_mm, Streamline_count, absolute_motion, age",18,0.004,1
memory_bias,r_example_tract,NDI,38,-3.1881,0.00296,R,40,"ICV, Mean_length_mm, Streamline_count, absolute_motion, age",18,0.004,1
memory_bias,r_example_tract,NDI,39,-2.8959,0.00639,R,40,"ICV, Mean_length_mm, Streamline_count, absolute_motion, age",18,0.004,1
memory_bias,r_example_tract,NDI,40,-2.9014,0.0063,R,40,"ICV, Mean_length_mm, Streamline_count, absolute_motion, age",18,0.004,1
memory_bias,r_example_tract,NDI,41,-3.0599,0.00417,R,40,"ICV, Mean_length_mm, Streamline_count, absolute_motion, age",18,0.004,1
memory_bias,r_example_tract,NDI,42,-3.2262,0.00267,R,40,"ICV, Mean_length_mm, Streamline_count, absolute_motion, age",18,0.004,1
memory_bias,r_example_tract,NDI,43,-2.9608,0.0054,R,40,"ICV, Mean_length_mm, Streamline_count, absolute_motion, age",18,0.004,1
memory_bias,r_example_tract,NDI,44,-2.6196,0.01281,R,40,"ICV, Mean_length_mm, Streamline_count, absolute_motion, age",18,0.004,1
memory_bias,r_example_tract,NDI,45,-3.0985,0.00376,R,40,"ICV, Mean_length_mm, Streamline_count, absolute_motion, age",18,0.004,1
memory_bias,r_example_tract,NDI,46,-2.9215,0.00598,R,40,"ICV, Mean_length_mm, Streamline_count, absolute_motion, age",18,0.004,1
memory_bias,r_example_tract,NDI,47,-3.0237,0.00458,R,40,"ICV, Mean_length_mm, Streamline_count, absolute_motion, age",18,0.004,1
memory_bias,r_example_tract,NDI,48,-2.9544,0.00549,R,40,"ICV, Mean_length_mm, Streamline_count, absolute_motion, age",18,0.004,1
memory_bias,r_example_tract,NDI,49,-2.3633,0.02363,R,40,"ICV, Mean_length_mm, Streamline_count, absolute_motion, age",18,0.004,1
memory_bias,r_example_tract,NDI,50,-2.2506,0.03062,R,40,"ICV, Mean_length_mm, Streamline_count, absolute_motion, age",18,0.004,1
memory_bias,r_example_tract,NDI,51,-2.403,0.02154,R,40,"ICV, Mean_length_mm, Streamline_count, absolute_motion, age",18,0.004,1
memory_bias,r_example_tract,NDI,52,-2.1962,0.03461,R,40,"ICV, Mean_length_mm, Streamline_count, absolute_motion, age",18,0.004,1
memory_bias,r_example_tract,NDI,53,-2.0976,0.04303,R,40,"ICV, Mean_length_mm, Streamline_count, absolute_motion, age",18,0.004,1
memory_bias,r_example_tract,NDI,54,-1.8154,0.0778,R,40,"ICV, Mean_length_mm, Streamline_count, absolute_motion, age",18,0.004,1
memory_bias,r_example_tract,NDI,55,-1.5177,0.13784,R,40,"ICV, Mean_length_mm, Streamline_count, absolute_motion, age",18,0.004,1
memory_bias,r_example_tract,NDI,56,-1.4331,0.16047,R,40,"ICV, Mean_length_mm, Streamline_count, absolute_motion, age",18,0.004,1
memory_bias,r_example_tract,NDI,57,-1.1842,0.24411,R,40,"ICV, Mean_length_mm, Streamline_count, absolute_motion, age",18,0.004,1
memory_bias,r_example_tract,NDI,58,-0.8192,0.41809,R,40,"ICV, Mean_length_mm, Streamline_count, absolute_motion, age",18,0.004,1
memory_bias,r_example_tract,NDI,59,-0.8299,0.41208,R,40,"ICV, Mean_length_mm, Streamline_count, absolute_motion, age",18,0.004,1
memory_bias,r_example_tract,NDI,60,-0.8091,0.42379,R,40,"ICV, Mean_length_mm, Streamline_count, absolute_motion, age",18,0.004,1
memory_bias,r_example_tract,NDI,61,-0.6688,0.50788,R,40,"ICV, Mean_length_mm, Streamline_count, absolute_motion, age",18,0.004,1
memory_bias,r_example_tract,NDI,62,-0.3152,0.7544,R,40,"ICV, Mean_length_mm, Streamline_count, absolute_motion, age",18,0.004,1
memory_bias,r_example_tract,NDI,63,-0.5368,0.59472,R,40,"ICV, Mean_length_mm, Streamline_count, absolute_motion, age",18,0.004,1
memory_bias,r_example_tract,NDI,64,-0.3352,0.73941,R,40,"ICV, Mean_length_mm, Streamline_count, absolute_motion, age",18,0.004,1
memory_bias,r_example_tract,NDI,65,-0.1722,0.86425,R,40,"ICV, Mean_length_mm, Streamline_count, absolute_motion, age",18,0.004,1
memory_bias,r_example_tract,NDI,66,-0.1953,0.84629,R,40,"ICV, Mean_length_mm, Streamline_count, absolute_motion, age",18,0.004,1
memory_bias,r_example_tract,NDI,67,-0.2373,0.81374,R,40,"ICV, Mean_length_mm, Streamline_count, absolute_motion, age",18,0.004,1
memory_bias,r_example_tract,NDI,68,-0.1885,0.85156,R,40,"ICV, Mean_length_mm, Streamline_count, absolute_motion, age",18,0.004,1
memory_bias,r_example_tract,NDI,69,-0.3823,0.70447,R,40,"ICV, Mean_length_mm, Streamline_count, absolute_motion, age",18,0.004,1
memory_bias,r_example_tract,NDI,70,-0.3028,0.76382,R,40,"ICV, Mean_length_mm, Streamline_count, absolute_motion, age",18,0.004,1
memory_bias,r_example_tract,NDI,71,-0.2674,0.7907,R,40,"ICV, Mean_length_mm, Streamline_count, absolute_motion, age",18,0.004,1
memory_bias,r_example_tract,NDI,72,-0.5012,0.61926,R,40,"ICV, Mean_length_mm, Streamline_count, absolute_motion, age",18,0.004,1
memory_bias,r_example_tract,NDI,73,-0.1592,0.87439,R,40,"ICV, Mean_length_mm, Streamline_count, absolute_motion, age",18,0.004,1
memory_bias,r_example_tract,NDI,74,0.0176,0.98607,R,40,"ICV, Mean_length_mm, Streamline_count, absolute_motion, age",18,0.004,1
memory_bias,r_example_tract,NDI,75,0.0577,0.95433,R,40,"ICV, Mean_length_mm, Streamline_count, absolute_motion, age",18,0.004,1
memory_bias,r_example_tract,NDI,76,0.041,0.96756,R,40,"ICV, Mean_length_mm, Streamline_count, absolute_motion, age",18,0.004,1
memory_bias,r_example_tract,NDI,77,0.0856,0.93225,R,40,"ICV, Mean_length_mm, Streamline_count, absolute_motion, age",18,0.004,1
memory_bias,r_example_tract,NDI,78,0.1238,0.90219,R,40,"ICV, Mean_length_mm, Streamline_count, absolute_motion, age",18,0.004,1
memory_bias,r_example_tract,NDI,79,0.2977,0.76761,R,40,"ICV, Mean_length_mm, Streamline_count, absolute_motion, age",18,0.004,1
memory_bias,r_example_tract,NDI,80,0.1085,0.91423,R,40,"ICV, Mean_length_mm, Streamline_count, absolute_motion, age",18,0.004,1
memory_bias,r_example_tract,NDI,81,0.288,0.77497,R,40,"ICV, Mean_length_mm, Streamline_count, absolute_motion, age",18,0.004,1
memory_bias,r_example_tract,NDI,82,0.2129,0.83258,R,40,"ICV, Mean_length_mm, Streamline_count, absolute_motion, age",18,0.004,1
memory_bias,r_example_tract,NDI,83,0.2688,0.78959,R,40,"ICV, Mean_length_mm, Streamline_count, absolute_motion, age",18,0.004,1
memory_bias,r_example_tract,NDI,84,0.373,0.71136,R,40,"ICV, Mean_length_mm, Streamline_count, absolute_motion, age",18,0.004,1
memory_bias,r_example_tract,NDI,85,0.1816,0.85693,R,40,"ICV, Mean_length_mm, Streamline_count, absolute_motion, age",18,0.004,1
memory_bias,r_example_tract,NDI,86,0.0907,0.92826,R,40,"ICV, Mean_length_mm, Streamline_count, absolute_motion, age",18,0.004,1
memory_bias,r_example_tract,NDI,87,0.1577,0.8756,R,40,"ICV, Mean_length_mm, Streamline_count, absolute_motion, age",18,0.004,1
memory_bias,r_example_tract,NDI,88,0.4385,0.66366,R,40,"ICV, Mean_length_mm, Streamline_count, absolute_motion, age",18,0.004,1
memory_bias,r_example_tract,NDI,89,0.2763,0.78387,R,40,"ICV, Mean_length_mm, Streamline_count, absolute_motion, age",18,0.004,1
memory_bias,r_example_tract,NDI,90,0.1055,0.9166,R,40,"ICV, Mean_length_mm, Streamline_count, absolute_motion, age",18,0.004,1
memory_bias,r_example_tract,NDI,91,0.152,0.88002,R,40,"ICV, Mean_length_mm, Streamline_count, absolute_motion, age",18,0.004,1
memory_bias,r_example_tract,NDI,92,0.2495,0.80441,R,40,"ICV, Mean_length_mm, Streamline_count, absolute_motion, age",18,0.004,1
memory_bias,r_example_tract,NDI,93,0.2307,0.81882,R,40,"ICV, Mean_length_mm, Streamline_count, absolute_motion, age",18,0.004,1
memory_bias,r_example_tract,NDI,94,0.3511,0.72758,R,40,"ICV, Mean_length_mm, Streamline_count, absolute_motion, age",18,0.004,1
memory_bias,r_example_tract,NDI,95,-0.0539,0.95735,R,40,"ICV, Mean_length_mm, Streamline_count, absolute_motion, age",18,0.004,1
memory_bias,r_example_tract,NDI,96,-0.0849,0.93283,R,40,"ICV, Mean_length_mm, Streamline_count, absolute_motion, age",18,0.004,1
memory_bias,r_example_tract,NDI,97,-0.101,0.92011,R,40,"ICV, Mean_length_mm, Streamline_count, absolute_motion, age",18,0.004,1
memory_bias,r_example_tract,NDI,98,0.078,0.93823,R,40,"ICV, Mean_length_mm, Streamline_count, absolute_motion, age",18,0.004,1
memory_bias,r_example_tract,NDI,99,0.2224,0.82528,R,40,"ICV, Mean_length_mm, Streamline_count, absolute_motion, age",18,0.004,1
memory_bias,l_example_tract,FA,0,-0.5273,0.60123,L,40,"ICV, Mean_length_mm, Streamline_count, absolute_motion, age",18,,0
memory_bias,l_example_tract,FA,1,-0.1628,0.87161,L,40,"ICV, Mean_length_mm, Streamline_count, absolute_motion, age",18,,0
memory_bias,l_example_tract,FA,2,-0.3421,0.73427,L,40,"ICV, Mean_length_mm, Streamline_count, absolute_motion, age",18,,0
memory_bias,l_example_tract,FA,3,-0.2507,0.80347,L,40,"ICV, Mean_length_mm, Streamline_count, absolute_motion, age",18,,0
memory_bias,l_example_tract,FA,4,-0.5041,0.61724,L,40,"ICV, Mean_length_mm, Streamline_count, absolute_motion, age",18,,0
memory_bias,l_example_tract,FA,5,-0.6254,0.53567,L,40,"ICV, Mean_length_mm, Streamline_count, absolute_motion, age",18,,0
memory_bias,l_example_tract,FA,6,-0.4607,0.64778,L,40,"ICV, Mean_length_mm, Streamline_count, absolute_motion, age",18,,0
memory_bias,l_example_tract,FA,7,-0.2319,0.81793,L,40,"ICV, Mean_length_mm, Streamline_count, absolute_motion, age",18,,0
memory_bias,l_example_tract,FA,8,-0.0395,0.96867,L,40,"ICV, Mean_length_mm, Streamline_count, absolute_motion, age",18,,0
memory_bias,l_example_tract,FA,9,-0.0961,0.92399,L,40,"ICV, Mean_length_mm, Streamline_count, absolute_motion, age",18,,0
memory_bias,l_example_tract,FA,10,0.1168,0.9077,L,40,"ICV, Mean_length_mm, Streamline_count, absolute_motion, age",18,,0
memory_bias,l_example_tract,FA,11,-0.3753,0.70961,L,40,"ICV, Mean_length_mm, Streamline_count, absolute_motion, age",18,,0
memory_bias,l_example_tract,FA,12,0.0845,0.9331,L,40,"ICV, Mean_length_mm, Streamline_count, absolute_motion, age",18,,0
memory_bias,l_example_tract,FA,13,-0.2441,0.80857,L,40,"ICV, Mean_length_mm, Streamline_count, absolute_motion, age",18,,0
memory_bias,l_example_tract,FA,14,-0.0868,0.93127,L,40,"ICV, Mean_length_mm, Streamline_count, absolute_motion, age",18,,0
memory_bias,l_example_tract,FA,15,0.2849,0.77739,L,40,"ICV, Mean_length_mm, Streamline_count, absolute_motion, age",18,,0
memory_bias,l_example_tract,FA,16,0.1138,0.91006,L,40,"ICV, Mean_length_mm, Streamline_count, absolute_motion, age",18,,0
memory_bias,l_example_tract,FA,17,-0.1703,0.8657,L,40,"ICV, Mean_length_mm, Streamline_count, absolute_motion, age",18,,0
memory_bias,l_example_tract,FA,18,0.0124,0.99021,L,40,"ICV, Mean_length_mm, Streamline_count, absolute_motion, age",18,,0
memory_bias,l_example_tract,FA,19,0.1591,0.87451,L,40,"ICV, Mean_length_mm, Streamline_count, absolute_motion, age",18,,0
memory_bias,l_example_tract,FA,20,0.071,0.94375,L,40,"ICV, Mean_length_mm, Streamline_count, absolute_motion, age",18,,0
memory_bias,l_example_tract,FA,21,-0.0027,0.99782,L,40,"ICV, Mean_length_mm, Streamline_count, absolute_motion, age",18,,0
memory_bias,l_example_tract,FA,22,-0.3393,0.73635,L,40,"ICV, Mean_length_mm, Streamline_count, absolute_motion, age",18,,0
memory_bias,l_example_tract,FA,23,-0.2186,0.82818,L,40,"ICV, Mean_length_mm, Streamline_count, absolute_motion, age",18,,0
memory_bias,l_example_tract,FA,24,-0.2719,0.78726,L,40,"ICV, Mean_length_mm, Streamline_count, absolute_motion, age",18,,0
memory_bias,l_example_tract,FA,25,-0.5522,0.58423,L,40,"ICV, Mean_length_mm, Streamline_count, absolute_motion, age",18,,0
memory_bias,l_example_tract,FA,26,-0.7987,0.42971,L,40,"ICV, Mean_length_mm, Streamline_count, absolute_motion, age",18,,0
memory_bias,l_example_tract,FA,27,-0.1304,0.897,L,40,"ICV, Mean_length_mm, Streamline_count, absolute_motion, age",18,,0
memory_bias,l_example_tract,FA,28,-0.5245,0.60318,L,40,"ICV, Mean_length_mm, Streamline_count, absolute_motion, age",18,,0
memory_bias,l_example_tract,FA,29,-0.4856,0.63022,L,40,"ICV, Mean_length_mm, Streamline_count, absolute_motion, age",18,,0
memory_bias,l_example_tract,FA,30,-0.7964,0.43101,L,40,"ICV, Mean_length_mm, Streamline_count, absolute_motion, age",18,,0
memory_bias,l_example_tract,FA,31,-0.6898,0.49473,L,40,"ICV, Mean_length_mm, Streamline_count, absolute_motion, age",18,,0
memory_bias,l_example_tract,FA,32,-0.3687,0.71454,L,40,"ICV, Mean_length_mm, Streamline_count, absolute_motion, age",18,,0
memory_bias,l_example_tract,FA,33,-0.2747,0.78515,L,40,"ICV, Mean_length_mm, Streamline_count, absolute_motion, age",18,,0
memory_bias,l_example_tract,FA,34,-0.023,0.9818,L,40,"ICV, Mean_length_mm, Streamline_count, absolute_motion, age",18,,0
memory_bias,l_example_tract,FA,35,-0.0376,0.97021,L,40,"ICV, Mean_length_mm, Streamline_count, absolute_motion, age",18,,0
memory_bias,l_example_tract,FA,36,-0.007,0.99443,L,40,"ICV, Mean_length_mm, Streamline_count, absolute_motion, age",18,,0
memory_bias,l_example_tract,FA,37,0.0776,0.93861,L,40,"ICV, Mean_length_mm, Streamline_count, absolute_motion, age",18,,0
memory_bias,l_example_tract,FA,38,0.2844,0.77771,L,40,"ICV, Mean_length_mm, Streamline_count, absolute_motion, age",18,,0
memory_bias,l_example_tract,FA,39,0.4358,0.66559,L,40,"ICV, Mean_length_mm, Streamline_count, absolute_motion, age",18,,0
memory_bias,l_example_tract,FA,40,0.1919,0.84892,L,40,"ICV, Mean_length_mm, Streamline_count, absolute_motion, age",18,,0
memory_bias,l_example_tract,FA,41,0.3156,0.75414,L,40,"ICV, Mean_length_mm, Streamline_count, absolute_motion, age",18,,0
memory_bias,l_example_tract,FA,42,0.0019,0.99849,L,40,"ICV, Mean_length_mm, Streamline_count, absolute_motion, age",18,,0
memory_bias,l_example_tract,FA,43,0.1127,0.9109,L,40,"ICV, Mean_length_mm, Streamline_count, absolute_motion, age",18,,0
memory_bias,l_example_tract,FA,44,-0.1558,0.87705,L,40,"ICV, Mean_length_mm, Streamline_count, absolute_motion, age",18,,0
memory_bias,l_example_tract,FA,45,-0.3335,0.74067,L,40,"ICV, Mean_length_mm, Streamline_count, absolute_motion, age",18,,0
memory_bias,l_example_tract,FA,46,-0.1872,0.85257,L,40,"ICV, Mean_length_mm, Streamline_count, absolute_motion, age",18,,0
memory_bias,l_example_tract,FA,47,-0.2738,0.78577,L,40,"ICV, Mean_length_mm, Streamline_count, absolute_motion, age",18,,0
memory_bias,l_example_tract,FA,48,-0.2894,0.77397,L,40,"ICV, Mean_length_mm, Streamline_count, absolute_motion, age",18,,0
memory_bias,l_example_tract,FA,49,-0.4027,0.68958,L,40,"ICV, Mean_length_mm, Streamline_count, absolute_motion, age",18,,0
memory_bias,l_example_tract,FA,50,-0.5535,0.58331,L,40,"ICV, Mean_length_mm, Streamline_count, absolute_motion, age",18,,0
memory_bias,l_example_tract,FA,51,-0.2565,0.79901,L,40,"ICV, Mean_length_mm, Streamline_count, absolute_motion, age",18,,0
memory_bias,l_example_tract,FA,52,-0.2824,0.77926,L,40,"ICV, Mean_length_mm, Streamline_count, absolute_motion, age",18,,0
memory_bias,l_example_tract,FA,53,-0.0388,0.96923,L,40,"ICV, Mean_length_mm, Streamline_count, absolute_motion, age",18,,0
memory_bias,l_example_tract,FA,54,0.022,0.98256,L,40,"ICV, Mean_length_mm, Streamline_count, absolute_motion, age",18,,0
memory_bias,l_example_tract,FA,55,0.1721,0.86433,L,40,"ICV, Mean_length_mm, Streamline_count, absolute_motion, age",18,,0
memory_bias,l_example_tract,FA,56,-0.2136,0.83204,L,40,"ICV, Mean_length_mm, Streamline_count, absolute_motion, age",18,,0
memory_bias,l_example_tract,FA,57,0.0596,0.95278,L,40,"ICV, Mean_length_mm, Streamline_count, absolute_motion, age",18,,0
memory_bias,l_example_tract,FA,58,-0.0354,0.97198,L,40,"ICV, Mean_length_mm, Streamline_count, absolute_motion, age",18,,0
memory_bias,l_example_tract,FA,59,-0.1174,0.9072,L,40,"ICV, Mean_length_mm, Streamline_count, absolute_motion, age",18,,0
memory_bias,l_example_tract,FA,60,-0.3933,0.69644,L,40,"ICV, Mean_length_mm, Streamline_count, absolute_motion, age",18,,0
memory_bias,l_example_tract,FA,61,-0.4982,0.62137,L,40,"ICV, Mean_length_mm, Streamline_count, absolute_motion, age",18,,0
memory_bias,l_example_tract,FA,62,-0.1285,0.8985,L,40,"ICV, Mean_length_mm, Streamline_count, absolute_motion, age",18,,0
memory_bias,l_example_tract,FA,63,-0.3888,0.69972,L,40,"ICV, Mean_length_mm, Streamline_count, absolute_motion, age",18,,0
memory_bias,l_example_tract,FA,64,-0.6559,0.51607,L,40,"ICV, Mean_length_mm, Streamline_count, absolute_motion, age",18,,0
memory_bias,l_example_tract,FA,65,-0.7435,0.46199,L,40,"ICV, Mean_length_mm, Streamline_count, absolute_motion, age",18,,0
memory_bias,l_example_tract,FA,66,-0.5047,0.61687,L,40,"ICV, Mean_length_mm, Streamline_count, absolute_motion, age",18,,0
memory_bias,l_example_tract,FA,67,-0.5561,0.58158,L,40,"ICV, Mean_length_mm, Streamline_count, absolute_motion, age",18,,0
memory_bias,l_example_tract,FA,68,-0.4751,0.63756,L,40,"ICV, Mean_length_mm, Streamline_count, absolute_motion, age",18,,0
memory_bias,l_example_tract,FA,69,-0.2525,0.80206,L,40,"ICV, Mean_length_mm, Streamline_count, absolute_motion, age",18,,0
memory_bias,l_example_tract,FA,70,-0.3376,0.73762,L,40,"ICV, Mean_length_mm, Streamline_count, absolute_motion, age",18,,0
memory_bias,l_example_tract,FA,71,-0.1492,0.88221,L,40,"ICV, Mean_length_mm, Streamline_count, absolute_motion, age",18,,0
memory_bias,l_example_tract,FA,72,-0.2617,0.79508,L,40,"ICV, Mean_length_mm, Streamline_count, absolute_motion, age",18,,0
memory_bias,l_example_tract,FA,73,-0.211,0.83406,L,40,"ICV, Mean_length_mm, Streamline_count, absolute_motion, age",18,,0
memory_bias,l_example_tract,FA,74,-0.0987,0.92191,L,40,"ICV, Mean_length_mm, Streamline_count, absolute_motion, age",18,,0
memory_bias,l_example_tract,FA,75,-0.0756,0.94018,L,40,"ICV, Mean_length_mm, Streamline_count, absolute_motion, age",18,,0
memory_bias,l_example_tract,FA,76,-0.126,0.90039,L,40,"ICV, Mean_length_mm, Streamline_count, absolute_motion, age",18,,0
memory_bias,l_example_tract,FA,77,-0.5169,0.60838,L,40,"ICV, Mean_length_mm, Streamline_count, absolute_motion, age",18,,0
memory_bias,l_example_tract,FA,78,-0.5379,0.59396,L,40,"ICV, Mean_length_mm, Streamline_count, absolute_motion, age",18,,0
memory_bias,l_example_tract,FA,79,-0.3915,0.69776,L,40,"ICV, Mean_length_mm, Streamline_count, absolute_motion, age",18,,0
memory_bias,l_example_tract,FA,80,-0.1196,0.90547,L,40,"ICV, Mean_length_mm, Streamline_count, absolute_motion, age",18,,0
memory_bias,l_example_tract,FA,81,-0.0559,0.95573,L,40,"ICV, Mean_length_mm, Streamline_count, absolute_motion, age",18,,0
memory_bias,l_example_tract,FA,82,0.1448,0.88566,L,40,"ICV, Mean_length_mm, Streamline_count, absolute_motion, age",18,,0
memory_bias,l_example_tract,FA,83,0.3364,0.73854,L,40,"ICV, Mean_length_mm, Streamline_count, absolute_motion, age",18,,0
memory_bias,l_example_tract,FA,84,-0.116,0.90829,L,40,"ICV, Mean_length_mm, Streamline_count, absolute_motion, age",18,,0
memory_bias,l_example_tract,FA,85,0.0153,0.98791,L,40,"ICV, Mean_length_mm, Streamline_count, absolute_motion, age",18,,0
memory_bias,l_example_tract,FA,86,0.0517,0.95905,L,40,"ICV, Mean_length_mm, Streamline_count, absolute_motion, age",18,,0
memory_bias,l_example_tract,FA,87,0.3414,0.73479,L,40,"ICV, Mean_length_mm, Streamline_count, absolute_motion, age",18,,0
memory_bias,l_example_tract,FA,88,0.3407,0.73534,L,40,"ICV, Mean_length_mm, Streamline_count, absolute_motion, age",18,,0
memory_bias,l_example_tract,FA,89,0.1533,0.87899,L,40,"ICV, Mean_length_mm, Streamline_count, absolute_motion, age",18,,0
memory_bias,l_example_tract,FA,90,0.2799,0.78118,L,40,"ICV, Mean_length_mm, Streamline_count, absolute_motion, age",18,,0
memory_bias,l_example_tract,FA,91,0.33,0.7433,L,40,"ICV, Mean_length_mm, Streamline_count, absolute_motion, age",18,,0
memory_bias,l_example_tract,FA,92,0.1933,0.84779,L,40,"ICV, Mean_length_mm, Streamline_count, absolute_motion, age",18,,0
memory_bias,l_example_tract,FA,93,0.0829,0.93442,L,40,"ICV, Mean_length_mm, Streamline_count, absolute_motion, age",18,,0
memory_bias,l_example_tract,FA,94,-0.2855,0.77687,L,40,"ICV, Mean_length_mm, Streamline_count, absolute_motion, age",18,,0
memory_bias,l_example_tract,FA,95,-0.0905,0.92839,L,40,"ICV, Mean_length_mm, Streamline_count, absolute_motion, age",18,,0
memory_bias,l_example_tract,FA,96,-0.2288,0.82033,L,40,"ICV, Mean_length_mm, Streamline_count, absolute_motion, age",18,,0
memory_bias,l_example_tract,FA,97,0.096,0.92403,L,40,"ICV, Mean_length_mm, Streamline_count, absolute_motion, age",18,,0
memory_bias,l_example_tract,FA,98,0.0025,0.99801,L,40,"ICV, Mean_length_mm, Streamline_count, absolute_motion, age",18,,0
memory_bias,l_example_tract,FA,99,-0.0607,0.95192,L,40,"ICV, Mean_length_mm, Streamline_count, absolute_motion, age",18,,0
memory_bias,r_example_tract,FA,0,-0.0607,0.9519,R,40,"ICV, Mean_length_mm, Streamline_count, absolute_motion, age",18,,0
memory_bias,r_example_tract,FA,1,0.0233,0.9815,R,40,"ICV, Mean_length_mm, Streamline_count, absolute_motion, age",18,,0
memory_bias,r_example_tract,FA,2,-0.3772,0.7082,R,40,"ICV, Mean_length_mm, Streamline_count, absolute_motion, age",18,,0
memory_bias,r_example_tract,FA,3,-0.6014,0.55137,R,40,"ICV, Mean_length_mm, Streamline_count, absolute_motion, age",18,,0
memory_bias,r_example_tract,FA,4,0.0272,0.97849,R,40,"ICV, Mean_length_mm, Streamline_count, absolute_motion, age",18,,0
memory_bias,r_example_tract,FA,5,0.1556,0.87724,R,40,"ICV, Mean_length_mm, Streamline_count, absolute_motion, age",18,,0
memory_bias,r_example_tract,FA,6,-0.0531,0.95796,R,40,"ICV, Mean_length_mm, Streamline_count, absolute_motion, age",18,,0
memory_bias,r_example_tract,FA,7,-0.1727,0.86383,R,40,"ICV, Mean_length_mm, Streamline_count, absolute_motion, age",18,,0
memory_bias,r_example_tract,FA,8,-0.0506,0.95989,R,40,"ICV, Mean_length_mm, Streamline_count, absolute_motion, age",18,,0
memory_bias,r_example_tract,FA,9,-0.2203,0.82686,R,40,"ICV, Mean_length_mm, Streamline_count, absolute_motion, age",18,,0
memory_bias,r_example_tract,FA,10,-0.3143,0.75511,R,40,"ICV, Mean_length_mm, Streamline_count, absolute_motion, age",18,,0
memory_bias,r_example_tract,FA,11,-0.1588,0.87469,R,40,"ICV, Mean_length_mm, Streamline_count, absolute_motion, age",18,,0
memory_bias,r_example_tract,FA,12,0.0581,0.95398,R,40,"ICV, Mean_length_mm, Streamline_count, absolute_motion, age",18,,0
memory_bias,r_example_tract,FA,13,-0.0292,0.97687,R,40,"ICV, Mean_length_mm, Streamline_count, absolute_motion, age",18,,0
memory_bias,r_example_tract,FA,14,-0.0216,0.98285,R,40,"ICV, Mean_length_mm, Streamline_count, absolute_motion, age",18,,0
memory_bias,r_example_tract,FA,15,0.0338,0.97324,R,40,"ICV, Mean_length_mm, Streamline_count, absolute_motion, age",18,,0
memory_bias,r_example_tract,FA,16,0.0767,0.93932,R,40,"ICV, Mean_length_mm, Streamline_count, absolute_motion, age",18,,0
memory_bias,r_example_tract,FA,17,0.2353,0.81531,R,40,"ICV, Mean_length_mm, Streamline_count, absolute_motion, age",18,,0
memory_bias,r_example_tract,FA,18,0.2204,0.82682,R,40,"ICV, Mean_length_mm, Streamline_count, absolute_motion, age",18,,0
memory_bias,r_example_tract,FA,19,0.1475,0.88353,R,40,"ICV, Mean_length_mm, Streamline_count, absolute_motion, age",18,,0
memory_bias,r_example_tract,FA,20,0.2456,0.80736,R,40,"ICV, Mean_length_mm, Streamline_count, absolute_motion, age",18,,0
memory_bias,r_example_tract,FA,21,0.1689,0.8668,R,40,"ICV, Mean_length_mm, Streamline_count, absolute_motion, age",18,,0
memory_bias,r_example_tract,FA,22,0.2392,0.81232,R,40,"ICV, Mean_length_mm, Streamline_count, absolute_motion, age",18,,0
memory_bias,r_example_tract,FA,23,0.2417,0.81041,R,40,"ICV, Mean_length_mm, Streamline_count, absolute_motion, age",18,,0
memory_bias,r_example_tract,FA,24,0.1885,0.85158,R,40,"ICV, Mean_length_mm, Streamline_count, absolute_motion, age",18,,0
memory_bias,r_example_tract,FA,25,0.0538,0.95743,R,40,"ICV, Mean_length_mm, Streamline_count, absolute_motion, age",18,,0
memory_bias,r_example_tract,FA,26,0.3345,0.73997,R,40,"ICV, Mean_length_mm, Streamline_count, absolute_motion, age",18,,0
memory_bias,r_example_tract,FA,27,0.4251,0.6733,R,40,"ICV, Mean_length_mm, Streamline_count, absolute_motion, age",18,,0
memory_bias,r_example_tract,FA,28,0.1747,0.86226,R,40,"ICV, Mean_length_mm, Streamline_count, absolute_motion, age",18,,0
memory_bias,r_example_tract,FA,29,0.2108,0.83422,R,40,"ICV, Mean_length_mm, Streamline_count, absolute_motion, age",18,,0
memory_bias,r_example_tract,FA,30,0.1546,0.87799,R,40,"ICV, Mean_length_mm, Streamline_count, absolute_motion, age",18,,0
memory_bias,r_example_tract,FA,31,0.1895,0.85074,R,40,"ICV, Mean_length_mm, Streamline_count, absolute_motion, age",18,,0
memory_bias,r_example_tract,FA,32,-0.2179,0.82872,R,40,"ICV, Mean_length_mm, Streamline_count, absolute_motion, age",18,,0
memory_bias,r_example_tract,FA,33,-0.2147,0.8312,R,40,"ICV, Mean_length_mm, Streamline_count, absolute_motion, age",18,,0
memory_bias,r_example_tract,FA,34,-0.0748,0.94077,R,40,"ICV, Mean_length_mm, Streamline_count, absolute_motion, age",18,,0
memory_bias,r_example_tract,FA,35,-0.2016,0.84138,R,40,"ICV, Mean_length_mm, Streamline_count, absolute_motion, age",18,,0
memory_bias,r_example_tract,FA,36,-0.3858,0.70195,R,40,"ICV, Mean_length_mm, Streamline_count, absolute_motion, age",18,,0
memory_bias,r_example_tract,FA,37,-0.2166,0.82971,R,40,"ICV, Mean_length_mm, Streamline_count, absolute_motion, age",18,,0
memory_bias,r_example_tract,FA,38,-0.1782,0.85959,R,40,"ICV, Mean_length_mm, Streamline_count, absolute_motion, age",18,,0
memory_bias,r_example_tract,FA,39,-0.2483,0.80532,R,40,"ICV, Mean_length_mm, Streamline_count, absolute_motion, age",18,,0
memory_bias,r_example_tract,FA,40,-0.4393,0.66304,R,40,"ICV, Mean_length_mm, Streamline_count, absolute_motion, age",18,,0
memory_bias,r_example_tract,FA,41,-0.2302,0.81923,R,40,"ICV, Mean_length_mm, Streamline_count, absolute_motion, age",18,,0
memory_bias,r_example_tract,FA,42,-0.3946,0.69545,R,40,"ICV, Mean_length_mm, Streamline_count, absolute_motion, age",18,,0
memory_bias,r_example_tract,FA,43,-0.0218,0.98269,R,40,"ICV, Mean_length_mm, Streamline_count, absolute_motion, age",18,,0
memory_bias,r_example_tract,FA,44,-0.3855,0.70211,R,40,"ICV, Mean_length_mm, Streamline_count, absolute_motion, age",18,,0
memory_bias,r_example_tract,FA,45,-0.3428,0.73378,R,40,"ICV, Mean_length_mm, Streamline_count, absolute_motion, age",18,,0
memory_bias,r_example_tract,FA,46,0.0864,0.9316,R,40,"ICV, Mean_length_mm, Streamline_count, absolute_motion, age",18,,0
memory_bias,r_example_tract,FA,47,-0.4196,0.67729,R,40,"ICV, Mean_length_mm, Streamline_count, absolute_motion, age",18,,0
memory_bias,r_example_tract,FA,48,-0.1836,0.85539,R,40,"ICV, Mean_length_mm, Streamline_count, absolute_motion, age",18,,0
memory_bias,r_example_tract,FA,49,-0.0921,0.92713,R,40,"ICV, Mean_length_mm, Streamline_count, absolute_motion, age",18,,0
memory_bias,r_example_tract,FA,50,-0.4104,0.68392,R,40,"ICV, Mean_length_mm, Streamline_count, absolute_motion, age",18,,0
memory_bias,r_example_tract,FA,51,-0.0412,0.96736,R,40,"ICV, Mean_length_mm, Streamline_count, absolute_motion, age",18,,0
memory_bias,r_example_tract,FA,52,-0.4366,0.665,R,40,"ICV, Mean_length_mm, Streamline_count, absolute_motion, age",18,,0
memory_bias,r_example_tract,FA,53,-0.3033,0.76339,R,40,"ICV, Mean_length_mm, Streamline_count, absolute_motion, age",18,,0
memory_bias,r_example_tract,FA,54,-0.3809,0.70551,R,40,"ICV, Mean_length_mm, Streamline_count, absolute_motion, age",18,,0
memory_bias,r_example_tract,FA,55,-0.4006,0.6911,R,40,"ICV, Mean_length_mm, Streamline_count, absolute_motion, age",18,,0
memory_bias,r_example_tract,FA,56,-0.2242,0.82387,R,40,"ICV, Mean_length_mm, Streamline_count, absolute_motion, age",18,,0
memory_bias,r_example_tract,FA,57,-0.5904,0.55863,R,40,"ICV, Mean_length_mm, Streamline_count, absolute_motion, age",18,,0
memory_bias,r_example_tract,FA,58,-0.4388,0.66343,R,40,"ICV, Mean_length_mm, Streamline_count, absolute_motion, age",18,,0
memory_bias,r_example_tract,FA,59,-0.055,0.95642,R,40,"ICV, Mean_length_mm, Streamline_count, absolute_motion, age",18,,0
memory_bias,r_example_tract,FA,60,-0.0113,0.99101,R,40,"ICV, Mean_length_mm, Streamline_count, absolute_motion, age",18,,0
memory_bias,r_example_tract,FA,61,0.2259,0.82258,R,40,"ICV, Mean_length_mm, Streamline_count, absolute_motion, age",18,,0
memory_bias,r_example_tract,FA,62,0.3368,0.73822,R,40,"ICV, Mean_length_mm, Streamline_count, absolute_motion, age",18,,0
memory_bias,r_example_tract,FA,63,-0.0418,0.96692,R,40,"ICV, Mean_length_mm, Streamline_count, absolute_motion, age",18,,0
memory_bias,r_example_tract,FA,64,-0.3176,0.75264,R,40,"ICV, Mean_length_mm, Streamline_count, absolute_motion, age",18,,0
memory_bias,r_example_tract,FA,65,0.4379,0.6641,R,40,"ICV, Mean_length_mm, Streamline_count, absolute_motion, age",18,,0
memory_bias,r_example_tract,FA,66,-0.0444,0.96485,R,40,"ICV, Mean_length_mm, Streamline_count, absolute_motion, age",18,,0
memory_bias,r_example_tract,FA,67,0.2375,0.81362,R,40,"ICV, Mean_length_mm, Streamline_count, absolute_motion, age",18,,0
memory_bias,r_example_tract,FA,68,-0.0903,0.92851,R,40,"ICV, Mean_length_mm, Streamline_count, absolute_motion, age",18,,0
memory_bias,r_example_tract,FA,69,-0.2388,0.81265,R,40,"ICV, Mean_length_mm, Streamline_count, absolute_motion, age",18,,0
memory_bias,r_example_tract,FA,70,0.0777,0.93846,R,40,"ICV, Mean_length_mm, Streamline_count, absolute_motion, age",18,,0
memory_bias,r_example_tract,FA,71,0.0482,0.96184,R,40,"ICV, Mean_length_mm, Streamline_count, absolute_motion, age",18,,0
memory_bias,r_example_tract,FA,72,-0.306,0.76134,R,40,"ICV, Mean_length_mm, Streamline_count, absolute_motion, age",18,,0
memory_bias,r_example_tract,FA,73,-0.578,0.56684,R,40,"ICV, Mean_length_mm, Streamline_count, absolute_motion, age",18,,0
memory_bias,r_example_tract,FA,74,-0.2031,0.84018,R,40,"ICV, Mean_length_mm, Streamline_count, absolute_motion, age",18,,0
memory_bias,r_example_tract,FA,75,0.1571,0.87605,R,40,"ICV, Mean_length_mm, Streamline_count, absolute_motion, age",18,,0
memory_bias,r_example_tract,FA,76,-0.4608,0.64771,R,40,"ICV, Mean_length_mm, Streamline_count, absolute_motion, age",18,,0
memory_bias,r_example_tract,FA,77,-0.0772,0.93886,R,40,"ICV, Mean_length_mm, Streamline_count, absolute_motion, age",18,,0
memory_bias,r_example_tract,FA,78,-0.136,0.89261,R,40,"ICV, Mean_length_mm, Streamline_count, absolute_motion, age",18,,0
memory_bias,r_example_tract,FA,79,-0.3851,0.7024,R,40,"ICV, Mean_length_mm, Streamline_count, absolute_motion, age",18,,0
memory_bias,r_example_tract,FA,80,0.0443,0.96488,R,40,"ICV, Mean_length_mm, Streamline_count, absolute_motion, age",18,,0
memory_bias,r_example_tract,FA,81,0.0822,0.93496,R,40,"ICV, Mean_length_mm, Streamline_count, absolute_motion, age",18,,0
memory_bias,r_example_tract,FA,82,0.0107,0.99155,R,40,"ICV, Mean_length_mm, Streamline_count, absolute_motion, age",18,,0
memory_bias,r_example_tract,FA,83,0.3882,0.70018,R,40,"ICV, Mean_length_mm, Streamline_count, absolute_motion, age",18,,0
memory_bias,r_example_tract,FA,84,0.265,0.79253,R,40,"ICV, Mean_length_mm, Streamline_count, absolute_motion, age",18,,0
memory_bias,r_example_tract,FA,85,0.5638,0.57638,R,40,"ICV, Mean_length_mm, Streamline_count, absolute_motion, age",18,,0
memory_bias,r_example_tract,FA,86,0.6974,0.49002,R,40,"ICV, Mean_length_mm, Streamline_count, absolute_motion, age",18,,0
memory_bias,r_example_tract,FA,87,0.4496,0.65566,R,40,"ICV, Mean_length_mm, Streamline_count, absolute_motion, age",18,,0
memory_bias,r_example_tract,FA,88,0.4533,0.65302,R,40,"ICV, Mean_length_mm, Streamline_count, absolute_motion, age",18,,0
memory_bias,r_example_tract,FA,89,0.2999,0.76601,R,40,"ICV, Mean_length_mm, Streamline_count, absolute_motion, age",18,,0
memory_bias,r_example_tract,FA,90,0.5846,0.56244,R,40,"ICV, Mean_length_mm, Streamline_count, absolute_motion, age",18,,0
memory_bias,r_example_tract,FA,91,0.2472,0.80619,R,40,"ICV, Mean_length_mm, Streamline_count, absolute_motion, age",18,,0
memory_bias,r_example_tract,FA,92,0.1407,0.88886,R,40,"ICV, Mean_length_mm, Streamline_count, absolute_motion, age",18,,0
memory_bias,r_example_tract,FA,93,0.316,0.75386,R,40,"ICV, Mean_length_mm, Streamline_count, absolute_motion, age",18,,0
memory_bias,r_example_tract,FA,94,0.1243,0.90179,R,40,"ICV, Mean_length_mm, Streamline_count, absolute_motion, age",18,,0
memory_bias,r_example_tract,FA,95,-0.0002,0.99984,R,40,"ICV, Mean_length_mm, Streamline_count, absolute_motion, age",18,,0
memory_bias,r_example_tract,FA,96,0.1474,0.88365,R,40,"ICV, Mean_length_mm, Streamline_count, absolute_motion, age",18,,0
memory_bias,r_example_tract,FA,97,-0.0529,0.9581,R,40,"ICV, Mean_length_mm, Streamline_count, absolute_motion, age",18,,0
memory_bias,r_example_tract,FA,98,-0.4495,0.65573,R,40,"ICV, Mean_length_mm, Streamline_count, absolute_motion, age",18,,0
memory_bias,r_example_tract,FA,99,0.0302,0.97609,R,40,"ICV, Mean_length_mm, Streamline_count, absolute_motion, age",18,,0
